[
  {
    "name": "core/columns",
    "attributes": {
      "isStackedOnMobile": true,
      "className": "is-style-columns_gap_32_4",
      "trigger": "",
      "animationClass": "",
      "animationDurationClass": "",
      "thresholdClass": "",
      "delayClass": "",
      "distanceClass": "",
      "lw_bgEnabled": false,
      "lw_bgColor": "var(--color-main)",
      "lw_bgOpacity": 0.1,
      "lw_bgFullWidth": true,
      "marginTopPc": "",
      "marginTopTb": "",
      "marginTopSp": "",
      "marginBottomPc": "",
      "marginBottomTb": "",
      "marginBottomSp": "",
      "paddingTopPc": "",
      "paddingTopTb": "",
      "paddingTopSp": "",
      "paddingBottomPc": "",
      "paddingBottomTb": "",
      "paddingBottomSp": "",
      "paddingLeftPc": "",
      "paddingLeftTb": "",
      "paddingLeftSp": "",
      "paddingRightPc": "",
      "paddingRightTb": "",
      "paddingRightSp": "",
      "maxWidthType": "",
      "maxWidthPx": 1200,
      "pcPosition": "",
      "tbPosition": "",
      "spPosition": "",
      "borderRadiusPc": "",
      "borderRadiusTb": "",
      "borderRadiusSp": "",
      "borderEnabledTop": false,
      "borderEnabledRight": false,
      "borderEnabledBottom": false,
      "borderEnabledLeft": false,
      "borderStyleAll": "",
      "borderColorAll": "",
      "borderWidthAllPc": "",
      "borderWidthAllTb": "",
      "borderWidthAllSp": "",
      "borderStyleTop": "",
      "borderColorTop": "",
      "borderWidthTopPc": "",
      "borderWidthTopTb": "",
      "borderWidthTopSp": "",
      "borderStyleRight": "",
      "borderColorRight": "",
      "borderWidthRightPc": "",
      "borderWidthRightTb": "",
      "borderWidthRightSp": "",
      "borderStyleBottom": "",
      "borderColorBottom": "",
      "borderWidthBottomPc": "",
      "borderWidthBottomTb": "",
      "borderWidthBottomSp": "",
      "borderStyleLeft": "",
      "borderColorLeft": "",
      "borderWidthLeftPc": "",
      "borderWidthLeftTb": "",
      "borderWidthLeftSp": "",
      "enableScroll": false,
      "minWidthTb": 1000,
      "minWidthSp": 600
    },
    "innerBlocks": [
      {
        "name": "core/column",
        "attributes": {
          "trigger": "",
          "animationClass": "",
          "animationDurationClass": "",
          "thresholdClass": "",
          "delayClass": "",
          "distanceClass": "",
          "lw_bgEnabled": false,
          "lw_bgColor": "var(--color-main)",
          "lw_bgOpacity": 0.1,
          "lw_bgFullWidth": true,
          "marginTopPc": "",
          "marginTopTb": "",
          "marginTopSp": "",
          "marginBottomPc": "",
          "marginBottomTb": "",
          "marginBottomSp": "",
          "paddingTopPc": "",
          "paddingTopTb": "",
          "paddingTopSp": "",
          "paddingBottomPc": "",
          "paddingBottomTb": "",
          "paddingBottomSp": "",
          "paddingLeftPc": "",
          "paddingLeftTb": "",
          "paddingLeftSp": "",
          "paddingRightPc": "",
          "paddingRightTb": "",
          "paddingRightSp": "",
          "maxWidthType": "",
          "maxWidthPx": 1200,
          "pcPosition": "",
          "tbPosition": "",
          "spPosition": "",
          "borderRadiusPc": "",
          "borderRadiusTb": "",
          "borderRadiusSp": "",
          "borderEnabledTop": false,
          "borderEnabledRight": false,
          "borderEnabledBottom": false,
          "borderEnabledLeft": false,
          "borderStyleAll": "",
          "borderColorAll": "",
          "borderWidthAllPc": "",
          "borderWidthAllTb": "",
          "borderWidthAllSp": "",
          "borderStyleTop": "",
          "borderColorTop": "",
          "borderWidthTopPc": "",
          "borderWidthTopTb": "",
          "borderWidthTopSp": "",
          "borderStyleRight": "",
          "borderColorRight": "",
          "borderWidthRightPc": "",
          "borderWidthRightTb": "",
          "borderWidthRightSp": "",
          "borderStyleBottom": "",
          "borderColorBottom": "",
          "borderWidthBottomPc": "",
          "borderWidthBottomTb": "",
          "borderWidthBottomSp": "",
          "borderStyleLeft": "",
          "borderColorLeft": "",
          "borderWidthLeftPc": "",
          "borderWidthLeftTb": "",
          "borderWidthLeftSp": "",
          "enableScroll": false,
          "minWidthTb": 1000,
          "minWidthSp": 600
        },
        "innerBlocks": [
          {
            "name": "wdl/paid-block-image-1",
            "attributes": {
              "image": "https://placehold.jp/600x440.png",
              "alt": "",
              "subTitle": "主任",
              "mainTitle": "大阪 京子",
              "aspectRatioW": 600,
              "aspectRatioH": 440,
              "maxWidth": 800,
              "centerBlock": false,
              "innerRadiusEm": 0,
              "showNamePlate": false,
              "namePlateColor": "var(--color-main)",
              "namePlateRadiusEm": 0.2,
              "namePlateBorderWidth": 2,
              "showLinkNext": true,
              "linkNextBgColor": "var(--color-main)",
              "linkNextIconColor": "#ffffff",
              "linkUrl": "",
              "linkOpenNewTab": false,
              "headingLevel": "h3",
              "fontSizeClass": "font_size_m",
              "trigger": "",
              "animationClass": "",
              "animationDurationClass": "",
              "thresholdClass": "",
              "delayClass": "",
              "distanceClass": "",
              "lw_bgEnabled": false,
              "lw_bgColor": "var(--color-main)",
              "lw_bgOpacity": 0.1,
              "lw_bgFullWidth": true,
              "marginTopPc": "",
              "marginTopTb": "",
              "marginTopSp": "",
              "marginBottomPc": "",
              "marginBottomTb": "",
              "marginBottomSp": "",
              "paddingTopPc": "",
              "paddingTopTb": "",
              "paddingTopSp": "",
              "paddingBottomPc": "",
              "paddingBottomTb": "",
              "paddingBottomSp": "",
              "paddingLeftPc": "",
              "paddingLeftTb": "",
              "paddingLeftSp": "",
              "paddingRightPc": "",
              "paddingRightTb": "",
              "paddingRightSp": "",
              "maxWidthType": "",
              "maxWidthPx": 1200,
              "pcPosition": "",
              "tbPosition": "",
              "spPosition": "",
              "borderRadiusPc": "",
              "borderRadiusTb": "",
              "borderRadiusSp": "",
              "borderEnabledTop": false,
              "borderEnabledRight": false,
              "borderEnabledBottom": false,
              "borderEnabledLeft": false,
              "borderStyleAll": "",
              "borderColorAll": "",
              "borderWidthAllPc": "",
              "borderWidthAllTb": "",
              "borderWidthAllSp": "",
              "borderStyleTop": "",
              "borderColorTop": "",
              "borderWidthTopPc": "",
              "borderWidthTopTb": "",
              "borderWidthTopSp": "",
              "borderStyleRight": "",
              "borderColorRight": "",
              "borderWidthRightPc": "",
              "borderWidthRightTb": "",
              "borderWidthRightSp": "",
              "borderStyleBottom": "",
              "borderColorBottom": "",
              "borderWidthBottomPc": "",
              "borderWidthBottomTb": "",
              "borderWidthBottomSp": "",
              "borderStyleLeft": "",
              "borderColorLeft": "",
              "borderWidthLeftPc": "",
              "borderWidthLeftTb": "",
              "borderWidthLeftSp": "",
              "enableScroll": false,
              "minWidthTb": 1000,
              "minWidthSp": 600
            },
            "innerBlocks": []
          }
        ]
      },
      {
        "name": "core/column",
        "attributes": {
          "trigger": "",
          "animationClass": "",
          "animationDurationClass": "",
          "thresholdClass": "",
          "delayClass": "",
          "distanceClass": "",
          "lw_bgEnabled": false,
          "lw_bgColor": "var(--color-main)",
          "lw_bgOpacity": 0.1,
          "lw_bgFullWidth": true,
          "marginTopPc": "",
          "marginTopTb": "",
          "marginTopSp": "",
          "marginBottomPc": "",
          "marginBottomTb": "",
          "marginBottomSp": "",
          "paddingTopPc": "",
          "paddingTopTb": "",
          "paddingTopSp": "",
          "paddingBottomPc": "",
          "paddingBottomTb": "",
          "paddingBottomSp": "",
          "paddingLeftPc": "",
          "paddingLeftTb": "",
          "paddingLeftSp": "",
          "paddingRightPc": "",
          "paddingRightTb": "",
          "paddingRightSp": "",
          "maxWidthType": "",
          "maxWidthPx": 1200,
          "pcPosition": "",
          "tbPosition": "",
          "spPosition": "",
          "borderRadiusPc": "",
          "borderRadiusTb": "",
          "borderRadiusSp": "",
          "borderEnabledTop": false,
          "borderEnabledRight": false,
          "borderEnabledBottom": false,
          "borderEnabledLeft": false,
          "borderStyleAll": "",
          "borderColorAll": "",
          "borderWidthAllPc": "",
          "borderWidthAllTb": "",
          "borderWidthAllSp": "",
          "borderStyleTop": "",
          "borderColorTop": "",
          "borderWidthTopPc": "",
          "borderWidthTopTb": "",
          "borderWidthTopSp": "",
          "borderStyleRight": "",
          "borderColorRight": "",
          "borderWidthRightPc": "",
          "borderWidthRightTb": "",
          "borderWidthRightSp": "",
          "borderStyleBottom": "",
          "borderColorBottom": "",
          "borderWidthBottomPc": "",
          "borderWidthBottomTb": "",
          "borderWidthBottomSp": "",
          "borderStyleLeft": "",
          "borderColorLeft": "",
          "borderWidthLeftPc": "",
          "borderWidthLeftTb": "",
          "borderWidthLeftSp": "",
          "enableScroll": false,
          "minWidthTb": 1000,
          "minWidthSp": 600
        },
        "innerBlocks": [
          {
            "name": "wdl/custom-title-5",
            "attributes": {
              "subTitle": "",
              "mainTitle": "見出しタイトル",
              "headingLevel": 3,
              "mainTitleColor": "var(--color-main)",
              "fontSize": "s",
              "trigger": "",
              "animationClass": "",
              "animationDurationClass": "",
              "thresholdClass": "",
              "delayClass": "",
              "distanceClass": "",
              "lw_bgEnabled": false,
              "lw_bgColor": "var(--color-main)",
              "lw_bgOpacity": 0.1,
              "lw_bgFullWidth": true,
              "marginTopPc": "lw_margin_top_pc_0",
              "marginTopTb": "",
              "marginTopSp": "",
              "marginBottomPc": "",
              "marginBottomTb": "",
              "marginBottomSp": "",
              "paddingTopPc": "",
              "paddingTopTb": "",
              "paddingTopSp": "",
              "paddingBottomPc": "",
              "paddingBottomTb": "",
              "paddingBottomSp": "",
              "paddingLeftPc": "",
              "paddingLeftTb": "",
              "paddingLeftSp": "",
              "paddingRightPc": "",
              "paddingRightTb": "",
              "paddingRightSp": "",
              "maxWidthType": "",
              "maxWidthPx": 1200,
              "pcPosition": "",
              "tbPosition": "",
              "spPosition": "",
              "borderRadiusPc": "",
              "borderRadiusTb": "",
              "borderRadiusSp": "",
              "borderEnabledTop": false,
              "borderEnabledRight": false,
              "borderEnabledBottom": false,
              "borderEnabledLeft": false,
              "borderStyleAll": "",
              "borderColorAll": "",
              "borderWidthAllPc": "",
              "borderWidthAllTb": "",
              "borderWidthAllSp": "",
              "borderStyleTop": "",
              "borderColorTop": "",
              "borderWidthTopPc": "",
              "borderWidthTopTb": "",
              "borderWidthTopSp": "",
              "borderStyleRight": "",
              "borderColorRight": "",
              "borderWidthRightPc": "",
              "borderWidthRightTb": "",
              "borderWidthRightSp": "",
              "borderStyleBottom": "",
              "borderColorBottom": "",
              "borderWidthBottomPc": "",
              "borderWidthBottomTb": "",
              "borderWidthBottomSp": "",
              "borderStyleLeft": "",
              "borderColorLeft": "",
              "borderWidthLeftPc": "",
              "borderWidthLeftTb": "",
              "borderWidthLeftSp": "",
              "enableScroll": false,
              "minWidthTb": 1000,
              "minWidthSp": 600
            },
            "innerBlocks": []
          },
          {
            "name": "core/paragraph",
            "attributes": {
              "content": "テキストテキストテキストテキストテキストテキストテキストテキストテキストテキストテキストテキストテキストテキストテキストテキストテキストテキストテキストテキストテキストテキストテキストテキストテキストテキストテキストテキストテキストテキストテキストテキストテキストテキスト",
              "dropCap": false,
              "maxWidth": "",
              "maxWidthUnit": "px",
              "fontWeightClass": "",
              "fontSizeClass": "",
              "fontSizeSpClass": "",
              "lineHeightClass": "",
              "lineHeightSpClass": "",
              "letterSpacingClass": "",
              "letterSpacingSpClass": "",
              "trigger": "",
              "animationClass": "",
              "animationDurationClass": "",
              "thresholdClass": "",
              "delayClass": "",
              "distanceClass": "",
              "lw_bgEnabled": false,
              "lw_bgColor": "var(--color-main)",
              "lw_bgOpacity": 0.1,
              "lw_bgFullWidth": true,
              "marginTopPc": "",
              "marginTopTb": "",
              "marginTopSp": "",
              "marginBottomPc": "",
              "marginBottomTb": "",
              "marginBottomSp": "",
              "paddingTopPc": "",
              "paddingTopTb": "",
              "paddingTopSp": "",
              "paddingBottomPc": "",
              "paddingBottomTb": "",
              "paddingBottomSp": "",
              "paddingLeftPc": "",
              "paddingLeftTb": "",
              "paddingLeftSp": "",
              "paddingRightPc": "",
              "paddingRightTb": "",
              "paddingRightSp": "",
              "maxWidthType": "",
              "maxWidthPx": 1200,
              "pcPosition": "",
              "tbPosition": "",
              "spPosition": "",
              "borderRadiusPc": "",
              "borderRadiusTb": "",
              "borderRadiusSp": "",
              "borderEnabledTop": false,
              "borderEnabledRight": false,
              "borderEnabledBottom": false,
              "borderEnabledLeft": false,
              "borderStyleAll": "",
              "borderColorAll": "",
              "borderWidthAllPc": "",
              "borderWidthAllTb": "",
              "borderWidthAllSp": "",
              "borderStyleTop": "",
              "borderColorTop": "",
              "borderWidthTopPc": "",
              "borderWidthTopTb": "",
              "borderWidthTopSp": "",
              "borderStyleRight": "",
              "borderColorRight": "",
              "borderWidthRightPc": "",
              "borderWidthRightTb": "",
              "borderWidthRightSp": "",
              "borderStyleBottom": "",
              "borderColorBottom": "",
              "borderWidthBottomPc": "",
              "borderWidthBottomTb": "",
              "borderWidthBottomSp": "",
              "borderStyleLeft": "",
              "borderColorLeft": "",
              "borderWidthLeftPc": "",
              "borderWidthLeftTb": "",
              "borderWidthLeftSp": "",
              "enableScroll": false,
              "minWidthTb": 1000,
              "minWidthSp": 600
            },
            "innerBlocks": []
          },
          {
            "name": "wdl/lw-button-01",
            "attributes": {
              "buttonText": "詳細はこちら",
              "url": "",
              "openInNewTab": false,
              "fontSize": 100,
              "maxWidth": 280,
              "maxWidthSp": 1000,
              "backgroundColor": "var(--color-main)",
              "textColor": "#ffffff",
              "paddingSize": "M",
              "innerPaddingSize": "M",
              "marginTop": 20,
              "marginBottom": 20,
              "alignment": "flex-start",
              "alignmentSp": "center",
              "borderRadius": 0,
              "borderWidth": 0,
              "borderColor": "#000000",
              "trigger": "",
              "animationClass": "",
              "animationDurationClass": "",
              "thresholdClass": "",
              "delayClass": "",
              "distanceClass": "",
              "lw_bgEnabled": false,
              "lw_bgColor": "var(--color-main)",
              "lw_bgOpacity": 0.1,
              "lw_bgFullWidth": true,
              "marginTopPc": "",
              "marginTopTb": "",
              "marginTopSp": "",
              "marginBottomPc": "",
              "marginBottomTb": "",
              "marginBottomSp": "",
              "paddingTopPc": "",
              "paddingTopTb": "",
              "paddingTopSp": "",
              "paddingBottomPc": "",
              "paddingBottomTb": "",
              "paddingBottomSp": "",
              "paddingLeftPc": "",
              "paddingLeftTb": "",
              "paddingLeftSp": "",
              "paddingRightPc": "",
              "paddingRightTb": "",
              "paddingRightSp": "",
              "maxWidthType": "",
              "maxWidthPx": 1200,
              "pcPosition": "",
              "tbPosition": "",
              "spPosition": "",
              "borderRadiusPc": "",
              "borderRadiusTb": "",
              "borderRadiusSp": "",
              "borderEnabledTop": false,
              "borderEnabledRight": false,
              "borderEnabledBottom": false,
              "borderEnabledLeft": false,
              "borderStyleAll": "",
              "borderColorAll": "",
              "borderWidthAllPc": "",
              "borderWidthAllTb": "",
              "borderWidthAllSp": "",
              "borderStyleTop": "",
              "borderColorTop": "",
              "borderWidthTopPc": "",
              "borderWidthTopTb": "",
              "borderWidthTopSp": "",
              "borderStyleRight": "",
              "borderColorRight": "",
              "borderWidthRightPc": "",
              "borderWidthRightTb": "",
              "borderWidthRightSp": "",
              "borderStyleBottom": "",
              "borderColorBottom": "",
              "borderWidthBottomPc": "",
              "borderWidthBottomTb": "",
              "borderWidthBottomSp": "",
              "borderStyleLeft": "",
              "borderColorLeft": "",
              "borderWidthLeftPc": "",
              "borderWidthLeftTb": "",
              "borderWidthLeftSp": "",
              "enableScroll": false,
              "minWidthTb": 1000,
              "minWidthSp": 600
            },
            "innerBlocks": []
          }
        ]
      }
    ]
  }
]