[
  {
    "name": "wdl/custom-title-5",
    "attributes": {
      "subTitle": "お知らせ",
      "mainTitle": "NEWS",
      "headingLevel": 2,
      "mainTitleColor": "var(--color-main)",
      "fontSize": "l",
      "trigger": "",
      "animationClass": "",
      "animationDurationClass": "",
      "thresholdClass": "",
      "delayClass": "",
      "distanceClass": "",
      "lw_bgEnabled": false,
      "lw_bgColor": "var(--color-main)",
      "lw_bgOpacity": 0.1,
      "lw_bgFullWidth": true,
      "marginTopPc": "",
      "marginTopTb": "",
      "marginTopSp": "",
      "marginBottomPc": "",
      "marginBottomTb": "",
      "marginBottomSp": "",
      "paddingTopPc": "",
      "paddingTopTb": "",
      "paddingTopSp": "",
      "paddingBottomPc": "",
      "paddingBottomTb": "",
      "paddingBottomSp": "",
      "paddingLeftPc": "",
      "paddingLeftTb": "",
      "paddingLeftSp": "",
      "paddingRightPc": "",
      "paddingRightTb": "",
      "paddingRightSp": "",
      "maxWidthType": "",
      "maxWidthPx": 1200,
      "pcPosition": "",
      "tbPosition": "",
      "spPosition": "",
      "borderRadiusPc": "",
      "borderRadiusTb": "",
      "borderRadiusSp": "",
      "borderEnabledTop": false,
      "borderEnabledRight": false,
      "borderEnabledBottom": false,
      "borderEnabledLeft": false,
      "borderStyleAll": "",
      "borderColorAll": "",
      "borderWidthAllPc": "",
      "borderWidthAllTb": "",
      "borderWidthAllSp": "",
      "borderStyleTop": "",
      "borderColorTop": "",
      "borderWidthTopPc": "",
      "borderWidthTopTb": "",
      "borderWidthTopSp": "",
      "borderStyleRight": "",
      "borderColorRight": "",
      "borderWidthRightPc": "",
      "borderWidthRightTb": "",
      "borderWidthRightSp": "",
      "borderStyleBottom": "",
      "borderColorBottom": "",
      "borderWidthBottomPc": "",
      "borderWidthBottomTb": "",
      "borderWidthBottomSp": "",
      "borderStyleLeft": "",
      "borderColorLeft": "",
      "borderWidthLeftPc": "",
      "borderWidthLeftTb": "",
      "borderWidthLeftSp": "",
      "enableScroll": false,
      "minWidthTb": 1000,
      "minWidthSp": 600
    },
    "innerBlocks": []
  },
  {
    "name": "wdl/lw-news-list-1",
    "attributes": {
      "numberOfPosts": 4,
      "categoryId": "",
      "postType": "post",
      "dateFont": "Noto Sans JP",
      "dateFontWeight": "400",
      "catFont": "Noto Sans JP",
      "catFontWeight": "400",
      "catBgColor": "var(--color-main)",
      "titleFont": "Noto Sans JP",
      "titleFontWeight": "400",
      "trigger": "",
      "animationClass": "",
      "animationDurationClass": "",
      "thresholdClass": "",
      "delayClass": "",
      "distanceClass": "",
      "lw_bgEnabled": false,
      "lw_bgColor": "var(--color-main)",
      "lw_bgOpacity": 0.1,
      "lw_bgFullWidth": true,
      "marginTopPc": "",
      "marginTopTb": "",
      "marginTopSp": "",
      "marginBottomPc": "",
      "marginBottomTb": "",
      "marginBottomSp": "",
      "paddingTopPc": "",
      "paddingTopTb": "",
      "paddingTopSp": "",
      "paddingBottomPc": "",
      "paddingBottomTb": "",
      "paddingBottomSp": "",
      "paddingLeftPc": "",
      "paddingLeftTb": "",
      "paddingLeftSp": "",
      "paddingRightPc": "",
      "paddingRightTb": "",
      "paddingRightSp": "",
      "maxWidthType": "",
      "maxWidthPx": 1200,
      "pcPosition": "",
      "tbPosition": "",
      "spPosition": "",
      "borderRadiusPc": "",
      "borderRadiusTb": "",
      "borderRadiusSp": "",
      "borderEnabledTop": false,
      "borderEnabledRight": false,
      "borderEnabledBottom": false,
      "borderEnabledLeft": false,
      "borderStyleAll": "",
      "borderColorAll": "",
      "borderWidthAllPc": "",
      "borderWidthAllTb": "",
      "borderWidthAllSp": "",
      "borderStyleTop": "",
      "borderColorTop": "",
      "borderWidthTopPc": "",
      "borderWidthTopTb": "",
      "borderWidthTopSp": "",
      "borderStyleRight": "",
      "borderColorRight": "",
      "borderWidthRightPc": "",
      "borderWidthRightTb": "",
      "borderWidthRightSp": "",
      "borderStyleBottom": "",
      "borderColorBottom": "",
      "borderWidthBottomPc": "",
      "borderWidthBottomTb": "",
      "borderWidthBottomSp": "",
      "borderStyleLeft": "",
      "borderColorLeft": "",
      "borderWidthLeftPc": "",
      "borderWidthLeftTb": "",
      "borderWidthLeftSp": "",
      "enableScroll": false,
      "minWidthTb": 1000,
      "minWidthSp": 600
    },
    "innerBlocks": []
  }
]