[
  {
    "name": "wdl/paid-block-custom-title-8",
    "attributes": {
      "subTitle": "TITLE TITLE",
      "mainTitle": "見出しタイトル",
      "headingLevel": 2,
      "mainTitleColor": "var(--color-main)",
      "borderLeftColor": "var(--color-main)",
      "borderRightColor": "var(--color-main)",
      "borderLeftOpacity": 100,
      "borderRightOpacity": 20,
      "borderRadius": 10,
      "sizeClass": "size_m",
      "positionClass": "position_left",
      "sizeSpClass": "",
      "trigger": "",
      "animationClass": "",
      "animationDurationClass": "",
      "thresholdClass": "",
      "delayClass": "",
      "distanceClass": "",
      "lw_bgEnabled": false,
      "lw_bgColor": "var(--color-main)",
      "lw_bgOpacity": 0.1,
      "lw_bgFullWidth": true,
      "marginTopPc": "",
      "marginTopTb": "",
      "marginTopSp": "",
      "marginBottomPc": "",
      "marginBottomTb": "",
      "marginBottomSp": "",
      "paddingTopPc": "",
      "paddingTopTb": "",
      "paddingTopSp": "",
      "paddingBottomPc": "",
      "paddingBottomTb": "",
      "paddingBottomSp": "",
      "paddingLeftPc": "",
      "paddingLeftTb": "",
      "paddingLeftSp": "",
      "paddingRightPc": "",
      "paddingRightTb": "",
      "paddingRightSp": "",
      "maxWidthType": "",
      "maxWidthPx": 1200,
      "pcPosition": "",
      "tbPosition": "",
      "spPosition": "",
      "borderRadiusPc": "",
      "borderRadiusTb": "",
      "borderRadiusSp": "",
      "borderEnabledTop": false,
      "borderEnabledRight": false,
      "borderEnabledBottom": false,
      "borderEnabledLeft": false,
      "borderStyleAll": "",
      "borderColorAll": "",
      "borderWidthAllPc": "",
      "borderWidthAllTb": "",
      "borderWidthAllSp": "",
      "borderStyleTop": "",
      "borderColorTop": "",
      "borderWidthTopPc": "",
      "borderWidthTopTb": "",
      "borderWidthTopSp": "",
      "borderStyleRight": "",
      "borderColorRight": "",
      "borderWidthRightPc": "",
      "borderWidthRightTb": "",
      "borderWidthRightSp": "",
      "borderStyleBottom": "",
      "borderColorBottom": "",
      "borderWidthBottomPc": "",
      "borderWidthBottomTb": "",
      "borderWidthBottomSp": "",
      "borderStyleLeft": "",
      "borderColorLeft": "",
      "borderWidthLeftPc": "",
      "borderWidthLeftTb": "",
      "borderWidthLeftSp": "",
      "enableScroll": false,
      "minWidthTb": 1000,
      "minWidthSp": 600
    },
    "innerBlocks": []
  },
  {
    "name": "wdl/paid-block-lw-step-6",
    "attributes": {
      "fontLi": "",
      "fontColorLi": "",
      "fontWeightLi": "600",
      "titleFontSizeClass": "font_size_m",
      "fontLiP": "",
      "fontColorLiP": "var(--color-black)",
      "fontWeightLiP": "400",
      "textFontSizeClass": "font_size_m",
      "borderColor": "var(--color-main)",
      "borderSize": 0,
      "imageBorderRadius": 0,
      "imageObjectFit": "cover",
      "imageAspectH": 300,
      "titleTag": "h3",
      "titleBorderColor": "var(--color-main)",
      "titleBorderSize": 2,
      "numberBgColor": "var(--color-main)",
      "showNumber": false,
      "liBorderColor": "#ccc",
      "liBorderSize": 1,
      "liBorderRadius": 0,
      "contents": [
        {
          "ttl": "<span class=\"custom-font-settings custom-font-settings fs-0-7\" data-lw_font_set=\"\">副院長</span>　<span data-lw_font_set=\"\" class=\"custom-font-settings custom-font-settings fs-0-9\">佐藤 美咲</span>",
          "text": "日本矯正歯科学会認定医。骨格分析とデジタルシミュレーションで、目立たず痛みの少ない矯正プランを提案。"
        },
        {
          "ttl": "<span class=\"custom-font-settings custom-font-settings fs-0-7\" data-lw_font_set=\"\">歯科衛生士</span>　<span data-lw_font_set=\"\" class=\"custom-font-settings custom-font-settings fs-0-9\">高橋 優子</span>",
          "text": "予防・メンテナンス専任。歯周基本治療とホワイトニングを担当し、家庭で続けられるケア方法を丁寧に指導します。"
        },
        {
          "ttl": "<span class=\"custom-font-settings custom-font-settings fs-0-7\" data-lw_font_set=\"\">歯科衛生士</span>　<span class=\"custom-font-settings custom-font-settings fs-0-9\" data-lw_font_set=\"\">高橋 優子</span>",
          "text": "治療内容・費用・スケジュールをわかりやすく説明し、不安や疑問を解消。保険・デンタルローンの相談窓口も担当。"
        },
        {
          "ttl": "<span class=\"custom-font-settings custom-font-settings fs-0-7\" data-lw_font_set=\"\">役職役職</span>　大阪 太郎",
          "text": "テキストテキストテキストテキストテキストテキストテキストテキストテキストテキストテキストテキストストテキストテキストテキスト<br>"
        },
        {
          "ttl": "<span class=\"custom-font-settings custom-font-settings fs-0-7\" data-lw_font_set=\"\">役職役職</span>　大阪 太郎",
          "text": "テキストテキストテキストテキストテキストテキストテキストテキストテキストテキストテキストテキストストテキストテキストテキスト<br>"
        },
        {
          "ttl": "<span class=\"custom-font-settings custom-font-settings fs-0-7\" data-lw_font_set=\"\">役職役職</span>　大阪 太郎",
          "text": "テキストテキストテキストテキストテキストテキストテキストテキストテキストテキストテキストテキストストテキストテキストテキスト<br>"
        }
      ],
      "trigger": "",
      "animationClass": "",
      "animationDurationClass": "",
      "thresholdClass": "",
      "delayClass": "",
      "distanceClass": "",
      "lw_bgEnabled": false,
      "lw_bgColor": "var(--color-main)",
      "lw_bgOpacity": 0.1,
      "lw_bgFullWidth": true,
      "marginTopPc": "lw_margin_top_pc_0",
      "marginTopTb": "",
      "marginTopSp": "",
      "marginBottomPc": "",
      "marginBottomTb": "",
      "marginBottomSp": "",
      "paddingTopPc": "",
      "paddingTopTb": "",
      "paddingTopSp": "",
      "paddingBottomPc": "",
      "paddingBottomTb": "",
      "paddingBottomSp": "",
      "paddingLeftPc": "",
      "paddingLeftTb": "",
      "paddingLeftSp": "",
      "paddingRightPc": "",
      "paddingRightTb": "",
      "paddingRightSp": "",
      "maxWidthType": "",
      "maxWidthPx": 1200,
      "pcPosition": "",
      "tbPosition": "",
      "spPosition": "",
      "borderRadiusPc": "",
      "borderRadiusTb": "",
      "borderRadiusSp": "",
      "borderEnabledTop": false,
      "borderEnabledRight": false,
      "borderEnabledBottom": false,
      "borderEnabledLeft": false,
      "borderStyleAll": "",
      "borderColorAll": "",
      "borderWidthAllPc": "",
      "borderWidthAllTb": "",
      "borderWidthAllSp": "",
      "borderStyleTop": "",
      "borderColorTop": "",
      "borderWidthTopPc": "",
      "borderWidthTopTb": "",
      "borderWidthTopSp": "",
      "borderStyleRight": "",
      "borderColorRight": "",
      "borderWidthRightPc": "",
      "borderWidthRightTb": "",
      "borderWidthRightSp": "",
      "borderStyleBottom": "",
      "borderColorBottom": "",
      "borderWidthBottomPc": "",
      "borderWidthBottomTb": "",
      "borderWidthBottomSp": "",
      "borderStyleLeft": "",
      "borderColorLeft": "",
      "borderWidthLeftPc": "",
      "borderWidthLeftTb": "",
      "borderWidthLeftSp": "",
      "enableScroll": false,
      "minWidthTb": 1000,
      "minWidthSp": 600
    },
    "innerBlocks": []
  }
]