[
  {
    "name": "wdl/lw-bg-1",
    "attributes": {
      "backgroundType": "image",
      "imagePc": "",
      "imageSp": "",
      "focalPointPc": {
        "x": 0.5,
        "y": 0.5
      },
      "focalPointSp": {
        "x": 0.5,
        "y": 0.5
      },
      "videoUrl": "",
      "videoSpeed": 1,
      "focalPointVideoPc": {
        "x": 0.5,
        "y": 0.5
      },
      "focalPointVideoSp": {
        "x": 0.5,
        "y": 0.5
      },
      "isFullWidth": true,
      "maxWidth": 1120,
      "minHeightPc": "min-h-pc-500px",
      "minHeightTb": "min-h-tb-480px",
      "minHeightSp": "min-h-sp-440px",
      "contentAlignHorizontalPc": "center",
      "contentAlignVerticalPc": "flex-start",
      "contentAlignHorizontalTb": "",
      "contentAlignVerticalTb": "",
      "contentAlignHorizontalSp": "",
      "contentAlignVerticalSp": "",
      "innerPaddingTopPc": 80,
      "innerPaddingBottomPc": 80,
      "innerPaddingLeftPc": 48,
      "innerPaddingRightPc": 48,
      "innerPaddingTopTb": 48,
      "innerPaddingBottomTb": 48,
      "innerPaddingLeftTb": 32,
      "innerPaddingRightTb": 24,
      "innerPaddingTopSp": 32,
      "innerPaddingBottomSp": 32,
      "innerPaddingLeftSp": 20,
      "innerPaddingRightSp": 20,
      "filterTypePc": "solid",
      "filterColorPc": "#0f3b55",
      "filterGradientPc": "linear-gradient(135deg, rgba(0,0,0,1) 0%, rgba(0,0,0,0.5) 100%)",
      "opacityPc": 1,
      "filterTypeTb": "solid",
      "filterColorTb": "",
      "filterGradientTb": "",
      "opacityTb": 1,
      "filterTypeSp": "solid",
      "filterColorSp": "",
      "filterGradientSp": "",
      "opacitySp": 1,
      "trigger": "",
      "animationClass": "",
      "animationDurationClass": "",
      "thresholdClass": "",
      "delayClass": "",
      "distanceClass": "",
      "lw_bgEnabled": false,
      "lw_bgColor": "var(--color-main)",
      "lw_bgOpacity": 0.1,
      "lw_bgFullWidth": true,
      "marginTopPc": "",
      "marginTopTb": "",
      "marginTopSp": "",
      "marginBottomPc": "",
      "marginBottomTb": "",
      "marginBottomSp": "",
      "paddingTopPc": "",
      "paddingTopTb": "",
      "paddingTopSp": "",
      "paddingBottomPc": "",
      "paddingBottomTb": "",
      "paddingBottomSp": "",
      "paddingLeftPc": "",
      "paddingLeftTb": "",
      "paddingLeftSp": "",
      "paddingRightPc": "",
      "paddingRightTb": "",
      "paddingRightSp": "",
      "maxWidthType": "",
      "maxWidthPx": 1200,
      "pcPosition": "",
      "tbPosition": "",
      "spPosition": "",
      "borderRadiusPc": "",
      "borderRadiusTb": "",
      "borderRadiusSp": "",
      "borderEnabledTop": false,
      "borderEnabledRight": false,
      "borderEnabledBottom": false,
      "borderEnabledLeft": false,
      "borderStyleAll": "",
      "borderColorAll": "",
      "borderWidthAllPc": "",
      "borderWidthAllTb": "",
      "borderWidthAllSp": "",
      "borderStyleTop": "",
      "borderColorTop": "",
      "borderWidthTopPc": "",
      "borderWidthTopTb": "",
      "borderWidthTopSp": "",
      "borderStyleRight": "",
      "borderColorRight": "",
      "borderWidthRightPc": "",
      "borderWidthRightTb": "",
      "borderWidthRightSp": "",
      "borderStyleBottom": "",
      "borderColorBottom": "",
      "borderWidthBottomPc": "",
      "borderWidthBottomTb": "",
      "borderWidthBottomSp": "",
      "borderStyleLeft": "",
      "borderColorLeft": "",
      "borderWidthLeftPc": "",
      "borderWidthLeftTb": "",
      "borderWidthLeftSp": "",
      "enableScroll": false,
      "minWidthTb": 1000,
      "minWidthSp": 600
    },
    "innerBlocks": [
      {
        "name": "wdl/lw-pr-text-1",
        "attributes": {
          "text": "タイトルタイトル",
          "tagName": "h2",
          "textAlignPc": "center",
          "textAlignSp": "",
          "fontSet": "Noto Sans JP",
          "fontWeight": "900",
          "fontSizePc": 2.3,
          "fontSizeTab": 2,
          "fontSizeSp": 1.8,
          "lineHeightPc": 1.4,
          "lineHeightTab": null,
          "lineHeightSp": null,
          "gradientPreset": "preset-blue",
          "gradientColor1": "#3b82f6",
          "gradientColor2": "#06b6d4",
          "gradientColor3": "#3b82f6",
          "gradientAngle": "270",
          "animationPattern": "lw-pr-text-1-gradient-slide-anime-1",
          "animationTime": 3,
          "animationEasing": "linear",
          "trigger": "",
          "animationClass": "",
          "animationDurationClass": "",
          "thresholdClass": "",
          "delayClass": "",
          "distanceClass": "",
          "lw_bgEnabled": false,
          "lw_bgColor": "var(--color-main)",
          "lw_bgOpacity": 0.1,
          "lw_bgFullWidth": true,
          "marginTopPc": "",
          "marginTopTb": "",
          "marginTopSp": "",
          "marginBottomPc": "lw_margin_bottom_pc_40",
          "marginBottomTb": "lw_margin_bottom_tb_32",
          "marginBottomSp": "lw_margin_bottom_sp_24",
          "paddingTopPc": "",
          "paddingTopTb": "",
          "paddingTopSp": "",
          "paddingBottomPc": "",
          "paddingBottomTb": "",
          "paddingBottomSp": "",
          "paddingLeftPc": "",
          "paddingLeftTb": "",
          "paddingLeftSp": "",
          "paddingRightPc": "",
          "paddingRightTb": "",
          "paddingRightSp": "",
          "maxWidthType": "",
          "maxWidthPx": 1200,
          "pcPosition": "",
          "tbPosition": "",
          "spPosition": "",
          "borderRadiusPc": "",
          "borderRadiusTb": "",
          "borderRadiusSp": "",
          "borderEnabledTop": false,
          "borderEnabledRight": false,
          "borderEnabledBottom": false,
          "borderEnabledLeft": false,
          "borderStyleAll": "",
          "borderColorAll": "",
          "borderWidthAllPc": "",
          "borderWidthAllTb": "",
          "borderWidthAllSp": "",
          "borderStyleTop": "",
          "borderColorTop": "",
          "borderWidthTopPc": "",
          "borderWidthTopTb": "",
          "borderWidthTopSp": "",
          "borderStyleRight": "",
          "borderColorRight": "",
          "borderWidthRightPc": "",
          "borderWidthRightTb": "",
          "borderWidthRightSp": "",
          "borderStyleBottom": "",
          "borderColorBottom": "",
          "borderWidthBottomPc": "",
          "borderWidthBottomTb": "",
          "borderWidthBottomSp": "",
          "borderStyleLeft": "",
          "borderColorLeft": "",
          "borderWidthLeftPc": "",
          "borderWidthLeftTb": "",
          "borderWidthLeftSp": "",
          "enableScroll": false,
          "minWidthTb": 1000,
          "minWidthSp": 600
        },
        "innerBlocks": []
      },
      {
        "name": "core/paragraph",
        "attributes": {
          "content": "説明テキスト説明テキスト説明テキスト説明テキスト説明テキスト説明テキスト説明テキスト説明テキスト説明テキスト説明テキスト説明テキスト説明テキスト説明テキスト",
          "dropCap": false,
          "style": {
            "elements": {
              "link": {
                "color": {
                  "text": "var:preset|color|white"
                }
              }
            }
          },
          "textColor": "white",
          "maxWidth": "",
          "maxWidthUnit": "px",
          "fontWeightClass": "",
          "fontSizeClass": "",
          "fontSizeSpClass": "",
          "lineHeightClass": "",
          "lineHeightSpClass": "",
          "letterSpacingClass": "",
          "letterSpacingSpClass": "",
          "trigger": "",
          "animationClass": "",
          "animationDurationClass": "",
          "thresholdClass": "",
          "delayClass": "",
          "distanceClass": "",
          "lw_bgEnabled": false,
          "lw_bgColor": "var(--color-main)",
          "lw_bgOpacity": 0.1,
          "lw_bgFullWidth": true,
          "marginTopPc": "",
          "marginTopTb": "",
          "marginTopSp": "",
          "marginBottomPc": "",
          "marginBottomTb": "",
          "marginBottomSp": "",
          "paddingTopPc": "",
          "paddingTopTb": "",
          "paddingTopSp": "",
          "paddingBottomPc": "",
          "paddingBottomTb": "",
          "paddingBottomSp": "",
          "paddingLeftPc": "",
          "paddingLeftTb": "",
          "paddingLeftSp": "",
          "paddingRightPc": "",
          "paddingRightTb": "",
          "paddingRightSp": "",
          "maxWidthType": "",
          "maxWidthPx": 1200,
          "pcPosition": "",
          "tbPosition": "",
          "spPosition": "",
          "borderRadiusPc": "",
          "borderRadiusTb": "",
          "borderRadiusSp": "",
          "borderEnabledTop": false,
          "borderEnabledRight": false,
          "borderEnabledBottom": false,
          "borderEnabledLeft": false,
          "borderStyleAll": "",
          "borderColorAll": "",
          "borderWidthAllPc": "",
          "borderWidthAllTb": "",
          "borderWidthAllSp": "",
          "borderStyleTop": "",
          "borderColorTop": "",
          "borderWidthTopPc": "",
          "borderWidthTopTb": "",
          "borderWidthTopSp": "",
          "borderStyleRight": "",
          "borderColorRight": "",
          "borderWidthRightPc": "",
          "borderWidthRightTb": "",
          "borderWidthRightSp": "",
          "borderStyleBottom": "",
          "borderColorBottom": "",
          "borderWidthBottomPc": "",
          "borderWidthBottomTb": "",
          "borderWidthBottomSp": "",
          "borderStyleLeft": "",
          "borderColorLeft": "",
          "borderWidthLeftPc": "",
          "borderWidthLeftTb": "",
          "borderWidthLeftSp": "",
          "enableScroll": false,
          "minWidthTb": 1000,
          "minWidthSp": 600
        },
        "innerBlocks": []
      },
      {
        "name": "core/paragraph",
        "attributes": {
          "content": "説明テキスト説明テキスト説明テキスト説明テキスト説明テキスト説明テキスト説明テキスト説明テキスト説明テキスト説明テキスト説明テキスト説明テキスト説明テキスト",
          "dropCap": false,
          "style": {
            "elements": {
              "link": {
                "color": {
                  "text": "var:preset|color|white"
                }
              }
            }
          },
          "textColor": "white",
          "maxWidth": "",
          "maxWidthUnit": "px",
          "fontWeightClass": "",
          "fontSizeClass": "",
          "fontSizeSpClass": "",
          "lineHeightClass": "",
          "lineHeightSpClass": "",
          "letterSpacingClass": "",
          "letterSpacingSpClass": "",
          "trigger": "",
          "animationClass": "",
          "animationDurationClass": "",
          "thresholdClass": "",
          "delayClass": "",
          "distanceClass": "",
          "lw_bgEnabled": false,
          "lw_bgColor": "var(--color-main)",
          "lw_bgOpacity": 0.1,
          "lw_bgFullWidth": true,
          "marginTopPc": "",
          "marginTopTb": "",
          "marginTopSp": "",
          "marginBottomPc": "",
          "marginBottomTb": "",
          "marginBottomSp": "",
          "paddingTopPc": "",
          "paddingTopTb": "",
          "paddingTopSp": "",
          "paddingBottomPc": "",
          "paddingBottomTb": "",
          "paddingBottomSp": "",
          "paddingLeftPc": "",
          "paddingLeftTb": "",
          "paddingLeftSp": "",
          "paddingRightPc": "",
          "paddingRightTb": "",
          "paddingRightSp": "",
          "maxWidthType": "",
          "maxWidthPx": 1200,
          "pcPosition": "",
          "tbPosition": "",
          "spPosition": "",
          "borderRadiusPc": "",
          "borderRadiusTb": "",
          "borderRadiusSp": "",
          "borderEnabledTop": false,
          "borderEnabledRight": false,
          "borderEnabledBottom": false,
          "borderEnabledLeft": false,
          "borderStyleAll": "",
          "borderColorAll": "",
          "borderWidthAllPc": "",
          "borderWidthAllTb": "",
          "borderWidthAllSp": "",
          "borderStyleTop": "",
          "borderColorTop": "",
          "borderWidthTopPc": "",
          "borderWidthTopTb": "",
          "borderWidthTopSp": "",
          "borderStyleRight": "",
          "borderColorRight": "",
          "borderWidthRightPc": "",
          "borderWidthRightTb": "",
          "borderWidthRightSp": "",
          "borderStyleBottom": "",
          "borderColorBottom": "",
          "borderWidthBottomPc": "",
          "borderWidthBottomTb": "",
          "borderWidthBottomSp": "",
          "borderStyleLeft": "",
          "borderColorLeft": "",
          "borderWidthLeftPc": "",
          "borderWidthLeftTb": "",
          "borderWidthLeftSp": "",
          "enableScroll": false,
          "minWidthTb": 1000,
          "minWidthSp": 600
        },
        "innerBlocks": []
      },
      {
        "name": "wdl/lw-space-1",
        "attributes": {
          "pcHeight": 24,
          "tbHeight": 20,
          "spHeight": 12,
          "trigger": "",
          "animationClass": "",
          "animationDurationClass": "",
          "thresholdClass": "",
          "delayClass": "",
          "distanceClass": "",
          "lw_bgEnabled": false,
          "lw_bgColor": "var(--color-main)",
          "lw_bgOpacity": 0.1,
          "lw_bgFullWidth": true,
          "marginTopPc": "",
          "marginTopTb": "",
          "marginTopSp": "",
          "marginBottomPc": "",
          "marginBottomTb": "",
          "marginBottomSp": "",
          "paddingTopPc": "",
          "paddingTopTb": "",
          "paddingTopSp": "",
          "paddingBottomPc": "",
          "paddingBottomTb": "",
          "paddingBottomSp": "",
          "paddingLeftPc": "",
          "paddingLeftTb": "",
          "paddingLeftSp": "",
          "paddingRightPc": "",
          "paddingRightTb": "",
          "paddingRightSp": "",
          "maxWidthType": "",
          "maxWidthPx": 1200,
          "pcPosition": "",
          "tbPosition": "",
          "spPosition": "",
          "borderRadiusPc": "",
          "borderRadiusTb": "",
          "borderRadiusSp": "",
          "borderEnabledTop": false,
          "borderEnabledRight": false,
          "borderEnabledBottom": false,
          "borderEnabledLeft": false,
          "borderStyleAll": "",
          "borderColorAll": "",
          "borderWidthAllPc": "",
          "borderWidthAllTb": "",
          "borderWidthAllSp": "",
          "borderStyleTop": "",
          "borderColorTop": "",
          "borderWidthTopPc": "",
          "borderWidthTopTb": "",
          "borderWidthTopSp": "",
          "borderStyleRight": "",
          "borderColorRight": "",
          "borderWidthRightPc": "",
          "borderWidthRightTb": "",
          "borderWidthRightSp": "",
          "borderStyleBottom": "",
          "borderColorBottom": "",
          "borderWidthBottomPc": "",
          "borderWidthBottomTb": "",
          "borderWidthBottomSp": "",
          "borderStyleLeft": "",
          "borderColorLeft": "",
          "borderWidthLeftPc": "",
          "borderWidthLeftTb": "",
          "borderWidthLeftSp": "",
          "enableScroll": false,
          "minWidthTb": 1000,
          "minWidthSp": 600
        },
        "innerBlocks": []
      },
      {
        "name": "core/columns",
        "attributes": {
          "isStackedOnMobile": true,
          "className": "is-style-columns_gap_32_4",
          "trigger": "",
          "animationClass": "",
          "animationDurationClass": "",
          "thresholdClass": "",
          "delayClass": "",
          "distanceClass": "",
          "lw_bgEnabled": false,
          "lw_bgColor": "var(--color-main)",
          "lw_bgOpacity": 0.1,
          "lw_bgFullWidth": true,
          "marginTopPc": "",
          "marginTopTb": "",
          "marginTopSp": "",
          "marginBottomPc": "",
          "marginBottomTb": "",
          "marginBottomSp": "",
          "paddingTopPc": "",
          "paddingTopTb": "",
          "paddingTopSp": "",
          "paddingBottomPc": "",
          "paddingBottomTb": "",
          "paddingBottomSp": "",
          "paddingLeftPc": "",
          "paddingLeftTb": "",
          "paddingLeftSp": "",
          "paddingRightPc": "",
          "paddingRightTb": "",
          "paddingRightSp": "",
          "maxWidthType": "",
          "maxWidthPx": 1200,
          "pcPosition": "",
          "tbPosition": "",
          "spPosition": "",
          "borderRadiusPc": "",
          "borderRadiusTb": "",
          "borderRadiusSp": "",
          "borderEnabledTop": false,
          "borderEnabledRight": false,
          "borderEnabledBottom": false,
          "borderEnabledLeft": false,
          "borderStyleAll": "",
          "borderColorAll": "",
          "borderWidthAllPc": "",
          "borderWidthAllTb": "",
          "borderWidthAllSp": "",
          "borderStyleTop": "",
          "borderColorTop": "",
          "borderWidthTopPc": "",
          "borderWidthTopTb": "",
          "borderWidthTopSp": "",
          "borderStyleRight": "",
          "borderColorRight": "",
          "borderWidthRightPc": "",
          "borderWidthRightTb": "",
          "borderWidthRightSp": "",
          "borderStyleBottom": "",
          "borderColorBottom": "",
          "borderWidthBottomPc": "",
          "borderWidthBottomTb": "",
          "borderWidthBottomSp": "",
          "borderStyleLeft": "",
          "borderColorLeft": "",
          "borderWidthLeftPc": "",
          "borderWidthLeftTb": "",
          "borderWidthLeftSp": "",
          "enableScroll": false,
          "minWidthTb": 1000,
          "minWidthSp": 600
        },
        "innerBlocks": [
          {
            "name": "core/column",
            "attributes": {
              "trigger": "",
              "animationClass": "",
              "animationDurationClass": "",
              "thresholdClass": "",
              "delayClass": "",
              "distanceClass": "",
              "lw_bgEnabled": false,
              "lw_bgColor": "var(--color-main)",
              "lw_bgOpacity": 0.1,
              "lw_bgFullWidth": true,
              "marginTopPc": "",
              "marginTopTb": "",
              "marginTopSp": "",
              "marginBottomPc": "",
              "marginBottomTb": "",
              "marginBottomSp": "",
              "paddingTopPc": "",
              "paddingTopTb": "",
              "paddingTopSp": "",
              "paddingBottomPc": "",
              "paddingBottomTb": "",
              "paddingBottomSp": "",
              "paddingLeftPc": "",
              "paddingLeftTb": "",
              "paddingLeftSp": "",
              "paddingRightPc": "",
              "paddingRightTb": "",
              "paddingRightSp": "",
              "maxWidthType": "",
              "maxWidthPx": 1200,
              "pcPosition": "",
              "tbPosition": "",
              "spPosition": "",
              "borderRadiusPc": "",
              "borderRadiusTb": "",
              "borderRadiusSp": "",
              "borderEnabledTop": false,
              "borderEnabledRight": false,
              "borderEnabledBottom": false,
              "borderEnabledLeft": false,
              "borderStyleAll": "",
              "borderColorAll": "",
              "borderWidthAllPc": "",
              "borderWidthAllTb": "",
              "borderWidthAllSp": "",
              "borderStyleTop": "",
              "borderColorTop": "",
              "borderWidthTopPc": "",
              "borderWidthTopTb": "",
              "borderWidthTopSp": "",
              "borderStyleRight": "",
              "borderColorRight": "",
              "borderWidthRightPc": "",
              "borderWidthRightTb": "",
              "borderWidthRightSp": "",
              "borderStyleBottom": "",
              "borderColorBottom": "",
              "borderWidthBottomPc": "",
              "borderWidthBottomTb": "",
              "borderWidthBottomSp": "",
              "borderStyleLeft": "",
              "borderColorLeft": "",
              "borderWidthLeftPc": "",
              "borderWidthLeftTb": "",
              "borderWidthLeftSp": "",
              "enableScroll": false,
              "minWidthTb": 1000,
              "minWidthSp": 600
            },
            "innerBlocks": [
              {
                "name": "wdl/paid-block-image-1",
                "attributes": {
                  "image": "https://placehold.jp/600x440.png",
                  "alt": "",
                  "subTitle": "主任",
                  "mainTitle": "大阪 京子",
                  "aspectRatioW": 600,
                  "aspectRatioH": 440,
                  "maxWidth": 800,
                  "centerBlock": false,
                  "innerRadiusEm": 0,
                  "showNamePlate": false,
                  "namePlateColor": "var(--color-main)",
                  "namePlateRadiusEm": 0.2,
                  "namePlateBorderWidth": 2,
                  "showLinkNext": true,
                  "linkNextBgColor": "var(--color-main)",
                  "linkNextIconColor": "#ffffff",
                  "linkUrl": "",
                  "linkOpenNewTab": false,
                  "headingLevel": "h3",
                  "fontSizeClass": "font_size_m",
                  "trigger": "",
                  "animationClass": "",
                  "animationDurationClass": "",
                  "thresholdClass": "",
                  "delayClass": "",
                  "distanceClass": "",
                  "lw_bgEnabled": false,
                  "lw_bgColor": "var(--color-main)",
                  "lw_bgOpacity": 0.1,
                  "lw_bgFullWidth": true,
                  "marginTopPc": "",
                  "marginTopTb": "",
                  "marginTopSp": "",
                  "marginBottomPc": "",
                  "marginBottomTb": "",
                  "marginBottomSp": "",
                  "paddingTopPc": "",
                  "paddingTopTb": "",
                  "paddingTopSp": "",
                  "paddingBottomPc": "",
                  "paddingBottomTb": "",
                  "paddingBottomSp": "",
                  "paddingLeftPc": "",
                  "paddingLeftTb": "",
                  "paddingLeftSp": "",
                  "paddingRightPc": "",
                  "paddingRightTb": "",
                  "paddingRightSp": "",
                  "maxWidthType": "",
                  "maxWidthPx": 1200,
                  "pcPosition": "",
                  "tbPosition": "",
                  "spPosition": "",
                  "borderRadiusPc": "",
                  "borderRadiusTb": "",
                  "borderRadiusSp": "",
                  "borderEnabledTop": false,
                  "borderEnabledRight": false,
                  "borderEnabledBottom": false,
                  "borderEnabledLeft": false,
                  "borderStyleAll": "",
                  "borderColorAll": "",
                  "borderWidthAllPc": "",
                  "borderWidthAllTb": "",
                  "borderWidthAllSp": "",
                  "borderStyleTop": "",
                  "borderColorTop": "",
                  "borderWidthTopPc": "",
                  "borderWidthTopTb": "",
                  "borderWidthTopSp": "",
                  "borderStyleRight": "",
                  "borderColorRight": "",
                  "borderWidthRightPc": "",
                  "borderWidthRightTb": "",
                  "borderWidthRightSp": "",
                  "borderStyleBottom": "",
                  "borderColorBottom": "",
                  "borderWidthBottomPc": "",
                  "borderWidthBottomTb": "",
                  "borderWidthBottomSp": "",
                  "borderStyleLeft": "",
                  "borderColorLeft": "",
                  "borderWidthLeftPc": "",
                  "borderWidthLeftTb": "",
                  "borderWidthLeftSp": "",
                  "enableScroll": false,
                  "minWidthTb": 1000,
                  "minWidthSp": 600
                },
                "innerBlocks": []
              }
            ]
          },
          {
            "name": "core/column",
            "attributes": {
              "trigger": "",
              "animationClass": "",
              "animationDurationClass": "",
              "thresholdClass": "",
              "delayClass": "",
              "distanceClass": "",
              "lw_bgEnabled": false,
              "lw_bgColor": "var(--color-main)",
              "lw_bgOpacity": 0.1,
              "lw_bgFullWidth": true,
              "marginTopPc": "",
              "marginTopTb": "",
              "marginTopSp": "",
              "marginBottomPc": "",
              "marginBottomTb": "",
              "marginBottomSp": "",
              "paddingTopPc": "",
              "paddingTopTb": "",
              "paddingTopSp": "",
              "paddingBottomPc": "",
              "paddingBottomTb": "",
              "paddingBottomSp": "",
              "paddingLeftPc": "",
              "paddingLeftTb": "",
              "paddingLeftSp": "",
              "paddingRightPc": "",
              "paddingRightTb": "",
              "paddingRightSp": "",
              "maxWidthType": "",
              "maxWidthPx": 1200,
              "pcPosition": "",
              "tbPosition": "",
              "spPosition": "",
              "borderRadiusPc": "",
              "borderRadiusTb": "",
              "borderRadiusSp": "",
              "borderEnabledTop": false,
              "borderEnabledRight": false,
              "borderEnabledBottom": false,
              "borderEnabledLeft": false,
              "borderStyleAll": "",
              "borderColorAll": "",
              "borderWidthAllPc": "",
              "borderWidthAllTb": "",
              "borderWidthAllSp": "",
              "borderStyleTop": "",
              "borderColorTop": "",
              "borderWidthTopPc": "",
              "borderWidthTopTb": "",
              "borderWidthTopSp": "",
              "borderStyleRight": "",
              "borderColorRight": "",
              "borderWidthRightPc": "",
              "borderWidthRightTb": "",
              "borderWidthRightSp": "",
              "borderStyleBottom": "",
              "borderColorBottom": "",
              "borderWidthBottomPc": "",
              "borderWidthBottomTb": "",
              "borderWidthBottomSp": "",
              "borderStyleLeft": "",
              "borderColorLeft": "",
              "borderWidthLeftPc": "",
              "borderWidthLeftTb": "",
              "borderWidthLeftSp": "",
              "enableScroll": false,
              "minWidthTb": 1000,
              "minWidthSp": 600
            },
            "innerBlocks": [
              {
                "name": "core/paragraph",
                "attributes": {
                  "content": "テキストテキストテキストテキストテキストテキストテキストテキストテキストテキストテキストテキストテキストテキストテキストテキストテキストテキストテキストテキストテキストテキストテキストテキストテキストテキストテキストテキストテキストテキストテキストテキストテキストテキスト",
                  "dropCap": false,
                  "style": {
                    "elements": {
                      "link": {
                        "color": {
                          "text": "var:preset|color|white"
                        }
                      }
                    }
                  },
                  "textColor": "white",
                  "maxWidth": "",
                  "maxWidthUnit": "px",
                  "fontWeightClass": "",
                  "fontSizeClass": "",
                  "fontSizeSpClass": "",
                  "lineHeightClass": "",
                  "lineHeightSpClass": "",
                  "letterSpacingClass": "",
                  "letterSpacingSpClass": "",
                  "trigger": "",
                  "animationClass": "",
                  "animationDurationClass": "",
                  "thresholdClass": "",
                  "delayClass": "",
                  "distanceClass": "",
                  "lw_bgEnabled": false,
                  "lw_bgColor": "var(--color-main)",
                  "lw_bgOpacity": 0.1,
                  "lw_bgFullWidth": true,
                  "marginTopPc": "",
                  "marginTopTb": "",
                  "marginTopSp": "",
                  "marginBottomPc": "",
                  "marginBottomTb": "",
                  "marginBottomSp": "",
                  "paddingTopPc": "",
                  "paddingTopTb": "",
                  "paddingTopSp": "",
                  "paddingBottomPc": "",
                  "paddingBottomTb": "",
                  "paddingBottomSp": "",
                  "paddingLeftPc": "",
                  "paddingLeftTb": "",
                  "paddingLeftSp": "",
                  "paddingRightPc": "",
                  "paddingRightTb": "",
                  "paddingRightSp": "",
                  "maxWidthType": "",
                  "maxWidthPx": 1200,
                  "pcPosition": "",
                  "tbPosition": "",
                  "spPosition": "",
                  "borderRadiusPc": "",
                  "borderRadiusTb": "",
                  "borderRadiusSp": "",
                  "borderEnabledTop": false,
                  "borderEnabledRight": false,
                  "borderEnabledBottom": false,
                  "borderEnabledLeft": false,
                  "borderStyleAll": "",
                  "borderColorAll": "",
                  "borderWidthAllPc": "",
                  "borderWidthAllTb": "",
                  "borderWidthAllSp": "",
                  "borderStyleTop": "",
                  "borderColorTop": "",
                  "borderWidthTopPc": "",
                  "borderWidthTopTb": "",
                  "borderWidthTopSp": "",
                  "borderStyleRight": "",
                  "borderColorRight": "",
                  "borderWidthRightPc": "",
                  "borderWidthRightTb": "",
                  "borderWidthRightSp": "",
                  "borderStyleBottom": "",
                  "borderColorBottom": "",
                  "borderWidthBottomPc": "",
                  "borderWidthBottomTb": "",
                  "borderWidthBottomSp": "",
                  "borderStyleLeft": "",
                  "borderColorLeft": "",
                  "borderWidthLeftPc": "",
                  "borderWidthLeftTb": "",
                  "borderWidthLeftSp": "",
                  "enableScroll": false,
                  "minWidthTb": 1000,
                  "minWidthSp": 600
                },
                "innerBlocks": []
              },
              {
                "name": "core/paragraph",
                "attributes": {
                  "content": "テキストテキストテキストテキストテキストテキストテキストテキストテキストテキストテキストテキストテキストテキストテキストテキストテキストテキストテキストテキストテキストテキストテキストテキスト",
                  "dropCap": false,
                  "style": {
                    "elements": {
                      "link": {
                        "color": {
                          "text": "var:preset|color|white"
                        }
                      }
                    }
                  },
                  "textColor": "white",
                  "maxWidth": "",
                  "maxWidthUnit": "px",
                  "fontWeightClass": "",
                  "fontSizeClass": "",
                  "fontSizeSpClass": "",
                  "lineHeightClass": "",
                  "lineHeightSpClass": "",
                  "letterSpacingClass": "",
                  "letterSpacingSpClass": "",
                  "trigger": "",
                  "animationClass": "",
                  "animationDurationClass": "",
                  "thresholdClass": "",
                  "delayClass": "",
                  "distanceClass": "",
                  "lw_bgEnabled": false,
                  "lw_bgColor": "var(--color-main)",
                  "lw_bgOpacity": 0.1,
                  "lw_bgFullWidth": true,
                  "marginTopPc": "",
                  "marginTopTb": "",
                  "marginTopSp": "",
                  "marginBottomPc": "",
                  "marginBottomTb": "",
                  "marginBottomSp": "",
                  "paddingTopPc": "",
                  "paddingTopTb": "",
                  "paddingTopSp": "",
                  "paddingBottomPc": "",
                  "paddingBottomTb": "",
                  "paddingBottomSp": "",
                  "paddingLeftPc": "",
                  "paddingLeftTb": "",
                  "paddingLeftSp": "",
                  "paddingRightPc": "",
                  "paddingRightTb": "",
                  "paddingRightSp": "",
                  "maxWidthType": "",
                  "maxWidthPx": 1200,
                  "pcPosition": "",
                  "tbPosition": "",
                  "spPosition": "",
                  "borderRadiusPc": "",
                  "borderRadiusTb": "",
                  "borderRadiusSp": "",
                  "borderEnabledTop": false,
                  "borderEnabledRight": false,
                  "borderEnabledBottom": false,
                  "borderEnabledLeft": false,
                  "borderStyleAll": "",
                  "borderColorAll": "",
                  "borderWidthAllPc": "",
                  "borderWidthAllTb": "",
                  "borderWidthAllSp": "",
                  "borderStyleTop": "",
                  "borderColorTop": "",
                  "borderWidthTopPc": "",
                  "borderWidthTopTb": "",
                  "borderWidthTopSp": "",
                  "borderStyleRight": "",
                  "borderColorRight": "",
                  "borderWidthRightPc": "",
                  "borderWidthRightTb": "",
                  "borderWidthRightSp": "",
                  "borderStyleBottom": "",
                  "borderColorBottom": "",
                  "borderWidthBottomPc": "",
                  "borderWidthBottomTb": "",
                  "borderWidthBottomSp": "",
                  "borderStyleLeft": "",
                  "borderColorLeft": "",
                  "borderWidthLeftPc": "",
                  "borderWidthLeftTb": "",
                  "borderWidthLeftSp": "",
                  "enableScroll": false,
                  "minWidthTb": 1000,
                  "minWidthSp": 600
                },
                "innerBlocks": []
              }
            ]
          }
        ]
      }
    ]
  }
]