[
  {
    "name": "wdl/lw-bg-1",
    "attributes": {
      "backgroundType": "image",
      "imagePc": "",
      "imageSp": "",
      "focalPointPc": {
        "x": 0.5,
        "y": 0.5
      },
      "focalPointSp": {
        "x": 0.5,
        "y": 0.5
      },
      "videoUrl": "",
      "videoSpeed": 1,
      "focalPointVideoPc": {
        "x": 0.5,
        "y": 0.5
      },
      "focalPointVideoSp": {
        "x": 0.5,
        "y": 0.5
      },
      "isFullWidth": true,
      "maxWidth": 1120,
      "minHeightPc": "min-h-pc-640px",
      "minHeightTb": "min-h-tb-580px",
      "minHeightSp": "min-h-sp-520px",
      "contentAlignHorizontalPc": "center",
      "contentAlignVerticalPc": "center",
      "contentAlignHorizontalTb": "",
      "contentAlignVerticalTb": "",
      "contentAlignHorizontalSp": "",
      "contentAlignVerticalSp": "",
      "innerPaddingTopPc": 80,
      "innerPaddingBottomPc": 80,
      "innerPaddingLeftPc": 80,
      "innerPaddingRightPc": 80,
      "innerPaddingTopTb": 48,
      "innerPaddingBottomTb": 48,
      "innerPaddingLeftTb": 48,
      "innerPaddingRightTb": 48,
      "innerPaddingTopSp": 24,
      "innerPaddingBottomSp": 24,
      "innerPaddingLeftSp": 24,
      "innerPaddingRightSp": 24,
      "filterTypePc": "gradient",
      "filterColorPc": "var(--color-main)",
      "filterGradientPc": "linear-gradient(135deg,rgb(2,3,129) 0%,rgb(12,132,130) 52%,rgb(40,116,252) 100%)",
      "opacityPc": 0.8,
      "filterTypeTb": "solid",
      "filterColorTb": "",
      "filterGradientTb": "",
      "opacityTb": 0.8,
      "filterTypeSp": "solid",
      "filterColorSp": "",
      "filterGradientSp": "",
      "opacitySp": 0.8,
      "trigger": "",
      "animationClass": "",
      "animationDurationClass": "",
      "thresholdClass": "",
      "delayClass": "",
      "distanceClass": "",
      "lw_bgEnabled": false,
      "lw_bgColor": "var(--color-main)",
      "lw_bgOpacity": 0.1,
      "lw_bgFullWidth": true,
      "marginTopPc": "",
      "marginTopTb": "",
      "marginTopSp": "",
      "marginBottomPc": "",
      "marginBottomTb": "",
      "marginBottomSp": "",
      "paddingTopPc": "",
      "paddingTopTb": "",
      "paddingTopSp": "",
      "paddingBottomPc": "",
      "paddingBottomTb": "",
      "paddingBottomSp": "",
      "paddingLeftPc": "",
      "paddingLeftTb": "",
      "paddingLeftSp": "",
      "paddingRightPc": "",
      "paddingRightTb": "",
      "paddingRightSp": "",
      "maxWidthType": "",
      "maxWidthPx": 1200,
      "pcPosition": "",
      "tbPosition": "",
      "spPosition": "",
      "borderRadiusPc": "",
      "borderRadiusTb": "",
      "borderRadiusSp": "",
      "borderEnabledTop": false,
      "borderEnabledRight": false,
      "borderEnabledBottom": false,
      "borderEnabledLeft": false,
      "borderStyleAll": "",
      "borderColorAll": "",
      "borderWidthAllPc": "",
      "borderWidthAllTb": "",
      "borderWidthAllSp": "",
      "borderStyleTop": "",
      "borderColorTop": "",
      "borderWidthTopPc": "",
      "borderWidthTopTb": "",
      "borderWidthTopSp": "",
      "borderStyleRight": "",
      "borderColorRight": "",
      "borderWidthRightPc": "",
      "borderWidthRightTb": "",
      "borderWidthRightSp": "",
      "borderStyleBottom": "",
      "borderColorBottom": "",
      "borderWidthBottomPc": "",
      "borderWidthBottomTb": "",
      "borderWidthBottomSp": "",
      "borderStyleLeft": "",
      "borderColorLeft": "",
      "borderWidthLeftPc": "",
      "borderWidthLeftTb": "",
      "borderWidthLeftSp": "",
      "enableScroll": false,
      "minWidthTb": 1000,
      "minWidthSp": 600
    },
    "innerBlocks": [
      {
        "name": "core/paragraph",
        "attributes": {
          "align": "center",
          "content": "<mark style=\"background-color:rgba(0, 0, 0, 0)\" class=\"has-inline-color has-white-color\">個人事業主に特化しWordPressテーマ</mark>",
          "dropCap": false,
          "maxWidth": "",
          "maxWidthUnit": "px",
          "fontWeightClass": "",
          "fontSizeClass": "",
          "fontSizeSpClass": "",
          "lineHeightClass": "",
          "lineHeightSpClass": "",
          "letterSpacingClass": "",
          "letterSpacingSpClass": "",
          "trigger": "",
          "animationClass": "",
          "animationDurationClass": "",
          "thresholdClass": "",
          "delayClass": "",
          "distanceClass": "",
          "lw_bgEnabled": false,
          "lw_bgColor": "var(--color-main)",
          "lw_bgOpacity": 0.1,
          "lw_bgFullWidth": true,
          "marginTopPc": "",
          "marginTopTb": "",
          "marginTopSp": "",
          "marginBottomPc": "",
          "marginBottomTb": "",
          "marginBottomSp": "",
          "paddingTopPc": "",
          "paddingTopTb": "",
          "paddingTopSp": "",
          "paddingBottomPc": "",
          "paddingBottomTb": "",
          "paddingBottomSp": "",
          "paddingLeftPc": "",
          "paddingLeftTb": "",
          "paddingLeftSp": "",
          "paddingRightPc": "",
          "paddingRightTb": "",
          "paddingRightSp": "",
          "maxWidthType": "",
          "maxWidthPx": 1200,
          "pcPosition": "",
          "tbPosition": "",
          "spPosition": "",
          "borderRadiusPc": "",
          "borderRadiusTb": "",
          "borderRadiusSp": "",
          "borderEnabledTop": false,
          "borderEnabledRight": false,
          "borderEnabledBottom": false,
          "borderEnabledLeft": false,
          "borderStyleAll": "",
          "borderColorAll": "",
          "borderWidthAllPc": "",
          "borderWidthAllTb": "",
          "borderWidthAllSp": "",
          "borderStyleTop": "",
          "borderColorTop": "",
          "borderWidthTopPc": "",
          "borderWidthTopTb": "",
          "borderWidthTopSp": "",
          "borderStyleRight": "",
          "borderColorRight": "",
          "borderWidthRightPc": "",
          "borderWidthRightTb": "",
          "borderWidthRightSp": "",
          "borderStyleBottom": "",
          "borderColorBottom": "",
          "borderWidthBottomPc": "",
          "borderWidthBottomTb": "",
          "borderWidthBottomSp": "",
          "borderStyleLeft": "",
          "borderColorLeft": "",
          "borderWidthLeftPc": "",
          "borderWidthLeftTb": "",
          "borderWidthLeftSp": "",
          "enableScroll": false,
          "minWidthTb": 1000,
          "minWidthSp": 600
        },
        "innerBlocks": []
      },
      {
        "name": "core/heading",
        "attributes": {
          "textAlign": "center",
          "content": "<mark style=\"background-color:rgba(0, 0, 0, 0)\" class=\"has-inline-color has-white-color\"><span data-lw_font_set=\"Sora\" class=\"custom-font-settings custom-font-settings fs-2-7 fs-sp-2\">LiteWord</span></mark>",
          "level": 2,
          "maxWidth": "",
          "maxWidthUnit": "px",
          "fontWeightClass": "",
          "fontSizeClass": "",
          "fontSizeSpClass": "",
          "lineHeightClass": "",
          "lineHeightSpClass": "",
          "letterSpacingClass": "",
          "letterSpacingSpClass": "",
          "trigger": "",
          "animationClass": "",
          "animationDurationClass": "",
          "thresholdClass": "",
          "delayClass": "",
          "distanceClass": "",
          "lw_bgEnabled": false,
          "lw_bgColor": "var(--color-main)",
          "lw_bgOpacity": 0.1,
          "lw_bgFullWidth": true,
          "marginTopPc": "",
          "marginTopTb": "",
          "marginTopSp": "",
          "marginBottomPc": "",
          "marginBottomTb": "",
          "marginBottomSp": "",
          "paddingTopPc": "",
          "paddingTopTb": "",
          "paddingTopSp": "",
          "paddingBottomPc": "",
          "paddingBottomTb": "",
          "paddingBottomSp": "",
          "paddingLeftPc": "",
          "paddingLeftTb": "",
          "paddingLeftSp": "",
          "paddingRightPc": "",
          "paddingRightTb": "",
          "paddingRightSp": "",
          "maxWidthType": "",
          "maxWidthPx": 1200,
          "pcPosition": "",
          "tbPosition": "",
          "spPosition": "",
          "borderRadiusPc": "",
          "borderRadiusTb": "",
          "borderRadiusSp": "",
          "borderEnabledTop": false,
          "borderEnabledRight": false,
          "borderEnabledBottom": false,
          "borderEnabledLeft": false,
          "borderStyleAll": "",
          "borderColorAll": "",
          "borderWidthAllPc": "",
          "borderWidthAllTb": "",
          "borderWidthAllSp": "",
          "borderStyleTop": "",
          "borderColorTop": "",
          "borderWidthTopPc": "",
          "borderWidthTopTb": "",
          "borderWidthTopSp": "",
          "borderStyleRight": "",
          "borderColorRight": "",
          "borderWidthRightPc": "",
          "borderWidthRightTb": "",
          "borderWidthRightSp": "",
          "borderStyleBottom": "",
          "borderColorBottom": "",
          "borderWidthBottomPc": "",
          "borderWidthBottomTb": "",
          "borderWidthBottomSp": "",
          "borderStyleLeft": "",
          "borderColorLeft": "",
          "borderWidthLeftPc": "",
          "borderWidthLeftTb": "",
          "borderWidthLeftSp": "",
          "enableScroll": false,
          "minWidthTb": 1000,
          "minWidthSp": 600
        },
        "innerBlocks": []
      },
      {
        "name": "core/paragraph",
        "attributes": {
          "align": "center",
          "content": "<mark style=\"background-color:rgba(0, 0, 0, 0)\" class=\"has-inline-color has-white-color\">テキストテキストテキストテキストテキストテキストテキスト<br>テキストテキストテキストテキストテキストテキスト</mark>",
          "dropCap": false,
          "maxWidth": "",
          "maxWidthUnit": "px",
          "fontWeightClass": "",
          "fontSizeClass": "",
          "fontSizeSpClass": "",
          "lineHeightClass": "",
          "lineHeightSpClass": "",
          "letterSpacingClass": "",
          "letterSpacingSpClass": "",
          "trigger": "",
          "animationClass": "",
          "animationDurationClass": "",
          "thresholdClass": "",
          "delayClass": "",
          "distanceClass": "",
          "lw_bgEnabled": false,
          "lw_bgColor": "var(--color-main)",
          "lw_bgOpacity": 0.1,
          "lw_bgFullWidth": true,
          "marginTopPc": "",
          "marginTopTb": "",
          "marginTopSp": "",
          "marginBottomPc": "",
          "marginBottomTb": "",
          "marginBottomSp": "",
          "paddingTopPc": "",
          "paddingTopTb": "",
          "paddingTopSp": "",
          "paddingBottomPc": "",
          "paddingBottomTb": "",
          "paddingBottomSp": "",
          "paddingLeftPc": "",
          "paddingLeftTb": "",
          "paddingLeftSp": "",
          "paddingRightPc": "",
          "paddingRightTb": "",
          "paddingRightSp": "",
          "maxWidthType": "",
          "maxWidthPx": 1200,
          "pcPosition": "",
          "tbPosition": "",
          "spPosition": "",
          "borderRadiusPc": "",
          "borderRadiusTb": "",
          "borderRadiusSp": "",
          "borderEnabledTop": false,
          "borderEnabledRight": false,
          "borderEnabledBottom": false,
          "borderEnabledLeft": false,
          "borderStyleAll": "",
          "borderColorAll": "",
          "borderWidthAllPc": "",
          "borderWidthAllTb": "",
          "borderWidthAllSp": "",
          "borderStyleTop": "",
          "borderColorTop": "",
          "borderWidthTopPc": "",
          "borderWidthTopTb": "",
          "borderWidthTopSp": "",
          "borderStyleRight": "",
          "borderColorRight": "",
          "borderWidthRightPc": "",
          "borderWidthRightTb": "",
          "borderWidthRightSp": "",
          "borderStyleBottom": "",
          "borderColorBottom": "",
          "borderWidthBottomPc": "",
          "borderWidthBottomTb": "",
          "borderWidthBottomSp": "",
          "borderStyleLeft": "",
          "borderColorLeft": "",
          "borderWidthLeftPc": "",
          "borderWidthLeftTb": "",
          "borderWidthLeftSp": "",
          "enableScroll": false,
          "minWidthTb": 1000,
          "minWidthSp": 600
        },
        "innerBlocks": []
      },
      {
        "name": "wdl/lw-pr-button-1",
        "attributes": {
          "textSub": "＼ テキストテキストテキスト ／",
          "textMain": "今すぐ予約す<span class=\"lw_inline_animation lw_scroll lw_inline_animation lw_anime lw_inline_block\">る</span>",
          "btnUrl": "",
          "openNewTab": false,
          "btnAlign": "center",
          "btnAlignSp": "default",
          "bgColor": "#ee9b00",
          "bgColorHover": "#dd8f00",
          "bgColorSub": "#3d3d3d",
          "textColorMain": "#ffffff",
          "textColorSub": "#ffffff",
          "borderWidth": 3,
          "borderColor": "#ffffff",
          "borderRadius": 64,
          "iconMain": "<svg xmlns=\"http://www.w3.org/2000/svg\" viewBox=\"0 0 448 512\"><!--!Font Awesome Free 6.7.2 by @fontawesome - https://fontawesome.com License - https://fontawesome.com/license/free Copyright 2025 Fonticons, Inc.--><path d=\"M96 32l0 32L48 64C21.5 64 0 85.5 0 112l0 48 448 0 0-48c0-26.5-21.5-48-48-48l-48 0 0-32c0-17.7-14.3-32-32-32s-32 14.3-32 32l0 32L160 64l0-32c0-17.7-14.3-32-32-32S96 14.3 96 32zM448 192L0 192 0 464c0 26.5 21.5 48 48 48l352 0c26.5 0 48-21.5 48-48l0-272z\"/></svg>",
          "iconRight": "<svg xmlns=\"http://www.w3.org/2000/svg\" viewBox=\"0 0 320 512\"><path d=\"M310.6 233.4c12.5 12.5 12.5 32.8 0 45.3l-192 192c-12.5 12.5-32.8 12.5-45.3 0s-12.5-32.8 0-45.3L242.7 256 73.4 86.6c-12.5-12.5-12.5-32.8 0-45.3s32.8-12.5 45.3 0l192 192z\"/></svg>",
          "iconMainColor": "#ffffff",
          "iconRightColor": "#ffffff",
          "iconMainSize": 20,
          "iconRightSize": 12,
          "iconMainMarginRight": 8,
          "FontSet": "",
          "fontWeight": "700",
          "fontWeightSub": "600",
          "fontSizeMain": 20,
          "fontSizeMainSp": 18,
          "fontSizeSub": 12,
          "maxWidth": 340,
          "maxWidthSp": 300,
          "transitionDuration": 0.3,
          "shakeAnimation": true,
          "shakeInterval": 3,
          "shakeIntensity": "normal",
          "shadowX": 0,
          "shadowY": 0,
          "shadowBlur": 6,
          "shadowOpacity": 0.2,
          "trigger": "",
          "animationClass": "",
          "animationDurationClass": "",
          "thresholdClass": "",
          "delayClass": "",
          "distanceClass": "",
          "lw_bgEnabled": false,
          "lw_bgColor": "var(--color-main)",
          "lw_bgOpacity": 0.1,
          "lw_bgFullWidth": true,
          "marginTopPc": "",
          "marginTopTb": "",
          "marginTopSp": "",
          "marginBottomPc": "",
          "marginBottomTb": "",
          "marginBottomSp": "",
          "paddingTopPc": "",
          "paddingTopTb": "",
          "paddingTopSp": "",
          "paddingBottomPc": "",
          "paddingBottomTb": "",
          "paddingBottomSp": "",
          "paddingLeftPc": "",
          "paddingLeftTb": "",
          "paddingLeftSp": "",
          "paddingRightPc": "",
          "paddingRightTb": "",
          "paddingRightSp": "",
          "maxWidthType": "",
          "maxWidthPx": 1200,
          "pcPosition": "",
          "tbPosition": "",
          "spPosition": "",
          "borderRadiusPc": "",
          "borderRadiusTb": "",
          "borderRadiusSp": "",
          "borderEnabledTop": false,
          "borderEnabledRight": false,
          "borderEnabledBottom": false,
          "borderEnabledLeft": false,
          "borderStyleAll": "",
          "borderColorAll": "",
          "borderWidthAllPc": "",
          "borderWidthAllTb": "",
          "borderWidthAllSp": "",
          "borderStyleTop": "",
          "borderColorTop": "",
          "borderWidthTopPc": "",
          "borderWidthTopTb": "",
          "borderWidthTopSp": "",
          "borderStyleRight": "",
          "borderColorRight": "",
          "borderWidthRightPc": "",
          "borderWidthRightTb": "",
          "borderWidthRightSp": "",
          "borderStyleBottom": "",
          "borderColorBottom": "",
          "borderWidthBottomPc": "",
          "borderWidthBottomTb": "",
          "borderWidthBottomSp": "",
          "borderStyleLeft": "",
          "borderColorLeft": "",
          "borderWidthLeftPc": "",
          "borderWidthLeftTb": "",
          "borderWidthLeftSp": "",
          "enableScroll": false,
          "minWidthTb": 1000,
          "minWidthSp": 600
        },
        "innerBlocks": []
      }
    ]
  }
]