[
  {
    "name": "wdl/lw-bg-1",
    "attributes": {
      "backgroundType": "image",
      "imagePc": "",
      "imageSp": "",
      "focalPointPc": {
        "x": 0.5,
        "y": 0.5
      },
      "focalPointSp": {
        "x": 0.5,
        "y": 0.5
      },
      "videoUrl": "",
      "videoSpeed": 1,
      "focalPointVideoPc": {
        "x": 0.5,
        "y": 0.5
      },
      "focalPointVideoSp": {
        "x": 0.5,
        "y": 0.5
      },
      "isFullWidth": true,
      "maxWidth": 1120,
      "minHeightPc": "min-h-pc-320px",
      "minHeightTb": "min-h-tb-280px",
      "minHeightSp": "min-h-sp-240px",
      "contentAlignHorizontalPc": "center",
      "contentAlignVerticalPc": "center",
      "contentAlignHorizontalTb": "",
      "contentAlignVerticalTb": "",
      "contentAlignHorizontalSp": "",
      "contentAlignVerticalSp": "",
      "innerPaddingTopPc": 48,
      "innerPaddingBottomPc": 48,
      "innerPaddingLeftPc": 48,
      "innerPaddingRightPc": 48,
      "innerPaddingTopTb": 24,
      "innerPaddingBottomTb": 24,
      "innerPaddingLeftTb": 24,
      "innerPaddingRightTb": 24,
      "innerPaddingTopSp": 24,
      "innerPaddingBottomSp": 24,
      "innerPaddingLeftSp": 24,
      "innerPaddingRightSp": 24,
      "filterTypePc": "solid",
      "filterColorPc": "var(--color-main)",
      "filterGradientPc": "linear-gradient(135deg, rgba(0,0,0,1) 0%, rgba(0,0,0,0.5) 100%)",
      "opacityPc": 0.1,
      "filterTypeTb": "solid",
      "filterColorTb": "",
      "filterGradientTb": "",
      "opacityTb": "var(--lw-bg-opacity-pc, 0.5)",
      "filterTypeSp": "solid",
      "filterColorSp": "",
      "filterGradientSp": "",
      "opacitySp": "var(--lw-bg-opacity-tb, var(--lw-bg-opacity-pc, 0.5))",
      "trigger": "",
      "animationClass": "",
      "animationDurationClass": "",
      "thresholdClass": "",
      "delayClass": "",
      "distanceClass": "",
      "lw_bgEnabled": false,
      "lw_bgColor": "var(--color-main)",
      "lw_bgOpacity": 0.1,
      "lw_bgFullWidth": true,
      "marginTopPc": "",
      "marginTopTb": "",
      "marginTopSp": "",
      "marginBottomPc": "",
      "marginBottomTb": "",
      "marginBottomSp": "",
      "paddingTopPc": "",
      "paddingTopTb": "",
      "paddingTopSp": "",
      "paddingBottomPc": "",
      "paddingBottomTb": "",
      "paddingBottomSp": "",
      "paddingLeftPc": "",
      "paddingLeftTb": "",
      "paddingLeftSp": "",
      "paddingRightPc": "",
      "paddingRightTb": "",
      "paddingRightSp": "",
      "maxWidthType": "",
      "maxWidthPx": 1200,
      "pcPosition": "",
      "tbPosition": "",
      "spPosition": "",
      "borderRadiusPc": "",
      "borderRadiusTb": "",
      "borderRadiusSp": "",
      "borderEnabledTop": false,
      "borderEnabledRight": false,
      "borderEnabledBottom": false,
      "borderEnabledLeft": false,
      "borderStyleAll": "",
      "borderColorAll": "",
      "borderWidthAllPc": "",
      "borderWidthAllTb": "",
      "borderWidthAllSp": "",
      "borderStyleTop": "",
      "borderColorTop": "",
      "borderWidthTopPc": "",
      "borderWidthTopTb": "",
      "borderWidthTopSp": "",
      "borderStyleRight": "",
      "borderColorRight": "",
      "borderWidthRightPc": "",
      "borderWidthRightTb": "",
      "borderWidthRightSp": "",
      "borderStyleBottom": "",
      "borderColorBottom": "",
      "borderWidthBottomPc": "",
      "borderWidthBottomTb": "",
      "borderWidthBottomSp": "",
      "borderStyleLeft": "",
      "borderColorLeft": "",
      "borderWidthLeftPc": "",
      "borderWidthLeftTb": "",
      "borderWidthLeftSp": "",
      "enableScroll": false,
      "minWidthTb": 1000,
      "minWidthSp": 600
    },
    "innerBlocks": [
      {
        "name": "wdl/paid-block-custom-title-7",
        "attributes": {
          "subTitle": "staff info",
          "mainTitle": "スタッフ紹介",
          "headingLevel": 2,
          "mainTitleColor": "var(--color-main)",
          "borderLeftColor": "var(--color-main)",
          "borderRightColor": "var(--color-main)",
          "borderLeftOpacity": 20,
          "borderRightOpacity": 100,
          "borderRadius": 10,
          "sizeClass": "size_l",
          "positionClass": "position_center",
          "trigger": "",
          "animationClass": "",
          "animationDurationClass": "",
          "thresholdClass": "",
          "delayClass": "",
          "distanceClass": "",
          "lw_bgEnabled": false,
          "lw_bgColor": "var(--color-main)",
          "lw_bgOpacity": 0.1,
          "lw_bgFullWidth": true,
          "marginTopPc": "",
          "marginTopTb": "",
          "marginTopSp": "",
          "marginBottomPc": "",
          "marginBottomTb": "",
          "marginBottomSp": "",
          "paddingTopPc": "",
          "paddingTopTb": "",
          "paddingTopSp": "",
          "paddingBottomPc": "",
          "paddingBottomTb": "",
          "paddingBottomSp": "",
          "paddingLeftPc": "",
          "paddingLeftTb": "",
          "paddingLeftSp": "",
          "paddingRightPc": "",
          "paddingRightTb": "",
          "paddingRightSp": "",
          "maxWidthType": "",
          "maxWidthPx": 1200,
          "pcPosition": "",
          "tbPosition": "",
          "spPosition": "",
          "borderRadiusPc": "",
          "borderRadiusTb": "",
          "borderRadiusSp": "",
          "borderEnabledTop": false,
          "borderEnabledRight": false,
          "borderEnabledBottom": false,
          "borderEnabledLeft": false,
          "borderStyleAll": "",
          "borderColorAll": "",
          "borderWidthAllPc": "",
          "borderWidthAllTb": "",
          "borderWidthAllSp": "",
          "borderStyleTop": "",
          "borderColorTop": "",
          "borderWidthTopPc": "",
          "borderWidthTopTb": "",
          "borderWidthTopSp": "",
          "borderStyleRight": "",
          "borderColorRight": "",
          "borderWidthRightPc": "",
          "borderWidthRightTb": "",
          "borderWidthRightSp": "",
          "borderStyleBottom": "",
          "borderColorBottom": "",
          "borderWidthBottomPc": "",
          "borderWidthBottomTb": "",
          "borderWidthBottomSp": "",
          "borderStyleLeft": "",
          "borderColorLeft": "",
          "borderWidthLeftPc": "",
          "borderWidthLeftTb": "",
          "borderWidthLeftSp": "",
          "enableScroll": false,
          "minWidthTb": 1000,
          "minWidthSp": 600
        },
        "innerBlocks": []
      },
      {
        "name": "core/paragraph",
        "attributes": {
          "align": "center",
          "content": "テキストテキストテキストテキストテキストテキストテキストテキストテキストテキストテキスト<br>テキストテキストテキストテキストテキストテキストテキストテキストテキストテキストテキストテキスト",
          "dropCap": false,
          "maxWidth": "",
          "maxWidthUnit": "px",
          "fontWeightClass": "",
          "fontSizeClass": "",
          "fontSizeSpClass": "",
          "lineHeightClass": "",
          "lineHeightSpClass": "",
          "letterSpacingClass": "",
          "letterSpacingSpClass": "",
          "trigger": "",
          "animationClass": "",
          "animationDurationClass": "",
          "thresholdClass": "",
          "delayClass": "",
          "distanceClass": "",
          "lw_bgEnabled": false,
          "lw_bgColor": "var(--color-main)",
          "lw_bgOpacity": 0.1,
          "lw_bgFullWidth": true,
          "marginTopPc": "",
          "marginTopTb": "",
          "marginTopSp": "",
          "marginBottomPc": "",
          "marginBottomTb": "",
          "marginBottomSp": "",
          "paddingTopPc": "",
          "paddingTopTb": "",
          "paddingTopSp": "",
          "paddingBottomPc": "",
          "paddingBottomTb": "",
          "paddingBottomSp": "",
          "paddingLeftPc": "",
          "paddingLeftTb": "",
          "paddingLeftSp": "",
          "paddingRightPc": "",
          "paddingRightTb": "",
          "paddingRightSp": "",
          "maxWidthType": "",
          "maxWidthPx": 1200,
          "pcPosition": "",
          "tbPosition": "",
          "spPosition": "",
          "borderRadiusPc": "",
          "borderRadiusTb": "",
          "borderRadiusSp": "",
          "borderEnabledTop": false,
          "borderEnabledRight": false,
          "borderEnabledBottom": false,
          "borderEnabledLeft": false,
          "borderStyleAll": "",
          "borderColorAll": "",
          "borderWidthAllPc": "",
          "borderWidthAllTb": "",
          "borderWidthAllSp": "",
          "borderStyleTop": "",
          "borderColorTop": "",
          "borderWidthTopPc": "",
          "borderWidthTopTb": "",
          "borderWidthTopSp": "",
          "borderStyleRight": "",
          "borderColorRight": "",
          "borderWidthRightPc": "",
          "borderWidthRightTb": "",
          "borderWidthRightSp": "",
          "borderStyleBottom": "",
          "borderColorBottom": "",
          "borderWidthBottomPc": "",
          "borderWidthBottomTb": "",
          "borderWidthBottomSp": "",
          "borderStyleLeft": "",
          "borderColorLeft": "",
          "borderWidthLeftPc": "",
          "borderWidthLeftTb": "",
          "borderWidthLeftSp": "",
          "enableScroll": false,
          "minWidthTb": 1000,
          "minWidthSp": 600
        },
        "innerBlocks": []
      },
      {
        "name": "wdl/lw-space-1",
        "attributes": {
          "pcHeight": 32,
          "tbHeight": 24,
          "spHeight": 20,
          "trigger": "",
          "animationClass": "",
          "animationDurationClass": "",
          "thresholdClass": "",
          "delayClass": "",
          "distanceClass": "",
          "lw_bgEnabled": false,
          "lw_bgColor": "var(--color-main)",
          "lw_bgOpacity": 0.1,
          "lw_bgFullWidth": true,
          "marginTopPc": "",
          "marginTopTb": "",
          "marginTopSp": "",
          "marginBottomPc": "",
          "marginBottomTb": "",
          "marginBottomSp": "",
          "paddingTopPc": "",
          "paddingTopTb": "",
          "paddingTopSp": "",
          "paddingBottomPc": "",
          "paddingBottomTb": "",
          "paddingBottomSp": "",
          "paddingLeftPc": "",
          "paddingLeftTb": "",
          "paddingLeftSp": "",
          "paddingRightPc": "",
          "paddingRightTb": "",
          "paddingRightSp": "",
          "maxWidthType": "",
          "maxWidthPx": 1200,
          "pcPosition": "",
          "tbPosition": "",
          "spPosition": "",
          "borderRadiusPc": "",
          "borderRadiusTb": "",
          "borderRadiusSp": "",
          "borderEnabledTop": false,
          "borderEnabledRight": false,
          "borderEnabledBottom": false,
          "borderEnabledLeft": false,
          "borderStyleAll": "",
          "borderColorAll": "",
          "borderWidthAllPc": "",
          "borderWidthAllTb": "",
          "borderWidthAllSp": "",
          "borderStyleTop": "",
          "borderColorTop": "",
          "borderWidthTopPc": "",
          "borderWidthTopTb": "",
          "borderWidthTopSp": "",
          "borderStyleRight": "",
          "borderColorRight": "",
          "borderWidthRightPc": "",
          "borderWidthRightTb": "",
          "borderWidthRightSp": "",
          "borderStyleBottom": "",
          "borderColorBottom": "",
          "borderWidthBottomPc": "",
          "borderWidthBottomTb": "",
          "borderWidthBottomSp": "",
          "borderStyleLeft": "",
          "borderColorLeft": "",
          "borderWidthLeftPc": "",
          "borderWidthLeftTb": "",
          "borderWidthLeftSp": "",
          "enableScroll": false,
          "minWidthTb": 1000,
          "minWidthSp": 600
        },
        "innerBlocks": []
      },
      {
        "name": "core/columns",
        "attributes": {
          "isStackedOnMobile": true,
          "className": "is-style-columns_gap_32_4",
          "trigger": "",
          "animationClass": "",
          "animationDurationClass": "",
          "thresholdClass": "",
          "delayClass": "",
          "distanceClass": "",
          "lw_bgEnabled": false,
          "lw_bgColor": "var(--color-main)",
          "lw_bgOpacity": 0.1,
          "lw_bgFullWidth": true,
          "marginTopPc": "",
          "marginTopTb": "",
          "marginTopSp": "",
          "marginBottomPc": "",
          "marginBottomTb": "",
          "marginBottomSp": "",
          "paddingTopPc": "",
          "paddingTopTb": "",
          "paddingTopSp": "",
          "paddingBottomPc": "",
          "paddingBottomTb": "",
          "paddingBottomSp": "",
          "paddingLeftPc": "",
          "paddingLeftTb": "",
          "paddingLeftSp": "",
          "paddingRightPc": "",
          "paddingRightTb": "",
          "paddingRightSp": "",
          "maxWidthType": "",
          "maxWidthPx": 1200,
          "pcPosition": "",
          "tbPosition": "",
          "spPosition": "",
          "borderRadiusPc": "",
          "borderRadiusTb": "",
          "borderRadiusSp": "",
          "borderEnabledTop": false,
          "borderEnabledRight": false,
          "borderEnabledBottom": false,
          "borderEnabledLeft": false,
          "borderStyleAll": "",
          "borderColorAll": "",
          "borderWidthAllPc": "",
          "borderWidthAllTb": "",
          "borderWidthAllSp": "",
          "borderStyleTop": "",
          "borderColorTop": "",
          "borderWidthTopPc": "",
          "borderWidthTopTb": "",
          "borderWidthTopSp": "",
          "borderStyleRight": "",
          "borderColorRight": "",
          "borderWidthRightPc": "",
          "borderWidthRightTb": "",
          "borderWidthRightSp": "",
          "borderStyleBottom": "",
          "borderColorBottom": "",
          "borderWidthBottomPc": "",
          "borderWidthBottomTb": "",
          "borderWidthBottomSp": "",
          "borderStyleLeft": "",
          "borderColorLeft": "",
          "borderWidthLeftPc": "",
          "borderWidthLeftTb": "",
          "borderWidthLeftSp": "",
          "enableScroll": false,
          "minWidthTb": 1000,
          "minWidthSp": 600
        },
        "innerBlocks": [
          {
            "name": "core/column",
            "attributes": {
              "trigger": "",
              "animationClass": "",
              "animationDurationClass": "",
              "thresholdClass": "",
              "delayClass": "",
              "distanceClass": "",
              "lw_bgEnabled": false,
              "lw_bgColor": "var(--color-main)",
              "lw_bgOpacity": 0.1,
              "lw_bgFullWidth": true,
              "marginTopPc": "",
              "marginTopTb": "",
              "marginTopSp": "",
              "marginBottomPc": "",
              "marginBottomTb": "",
              "marginBottomSp": "",
              "paddingTopPc": "",
              "paddingTopTb": "",
              "paddingTopSp": "",
              "paddingBottomPc": "",
              "paddingBottomTb": "",
              "paddingBottomSp": "",
              "paddingLeftPc": "",
              "paddingLeftTb": "",
              "paddingLeftSp": "",
              "paddingRightPc": "",
              "paddingRightTb": "",
              "paddingRightSp": "",
              "maxWidthType": "",
              "maxWidthPx": 1200,
              "pcPosition": "",
              "tbPosition": "",
              "spPosition": "",
              "borderRadiusPc": "",
              "borderRadiusTb": "",
              "borderRadiusSp": "",
              "borderEnabledTop": false,
              "borderEnabledRight": false,
              "borderEnabledBottom": false,
              "borderEnabledLeft": false,
              "borderStyleAll": "",
              "borderColorAll": "",
              "borderWidthAllPc": "",
              "borderWidthAllTb": "",
              "borderWidthAllSp": "",
              "borderStyleTop": "",
              "borderColorTop": "",
              "borderWidthTopPc": "",
              "borderWidthTopTb": "",
              "borderWidthTopSp": "",
              "borderStyleRight": "",
              "borderColorRight": "",
              "borderWidthRightPc": "",
              "borderWidthRightTb": "",
              "borderWidthRightSp": "",
              "borderStyleBottom": "",
              "borderColorBottom": "",
              "borderWidthBottomPc": "",
              "borderWidthBottomTb": "",
              "borderWidthBottomSp": "",
              "borderStyleLeft": "",
              "borderColorLeft": "",
              "borderWidthLeftPc": "",
              "borderWidthLeftTb": "",
              "borderWidthLeftSp": "",
              "enableScroll": false,
              "minWidthTb": 1000,
              "minWidthSp": 600
            },
            "innerBlocks": [
              {
                "name": "wdl/paid-block-image-1",
                "attributes": {
                  "image": "https://placehold.jp/600x440.png",
                  "alt": "",
                  "subTitle": "主任",
                  "mainTitle": "大阪 京子",
                  "aspectRatioW": 400,
                  "aspectRatioH": 340,
                  "maxWidth": 480,
                  "centerBlock": false,
                  "innerRadiusEm": 0.9,
                  "showNamePlate": true,
                  "namePlateColor": "var(--color-main)",
                  "namePlateRadiusEm": 0.2,
                  "namePlateBorderWidth": 2,
                  "showLinkNext": true,
                  "linkNextBgColor": "var(--color-main)",
                  "linkNextIconColor": "#ffffff",
                  "linkUrl": "",
                  "linkOpenNewTab": false,
                  "headingLevel": "h3",
                  "fontSizeClass": "font_size_ss",
                  "trigger": "",
                  "animationClass": "",
                  "animationDurationClass": "",
                  "thresholdClass": "",
                  "delayClass": "",
                  "distanceClass": "",
                  "lw_bgEnabled": false,
                  "lw_bgColor": "var(--color-main)",
                  "lw_bgOpacity": 0.1,
                  "lw_bgFullWidth": true,
                  "marginTopPc": "",
                  "marginTopTb": "",
                  "marginTopSp": "",
                  "marginBottomPc": "",
                  "marginBottomTb": "",
                  "marginBottomSp": "",
                  "paddingTopPc": "",
                  "paddingTopTb": "",
                  "paddingTopSp": "",
                  "paddingBottomPc": "",
                  "paddingBottomTb": "",
                  "paddingBottomSp": "",
                  "paddingLeftPc": "",
                  "paddingLeftTb": "",
                  "paddingLeftSp": "",
                  "paddingRightPc": "",
                  "paddingRightTb": "",
                  "paddingRightSp": "",
                  "maxWidthType": "",
                  "maxWidthPx": 1200,
                  "pcPosition": "",
                  "tbPosition": "",
                  "spPosition": "",
                  "borderRadiusPc": "",
                  "borderRadiusTb": "",
                  "borderRadiusSp": "",
                  "borderEnabledTop": false,
                  "borderEnabledRight": false,
                  "borderEnabledBottom": false,
                  "borderEnabledLeft": false,
                  "borderStyleAll": "",
                  "borderColorAll": "",
                  "borderWidthAllPc": "",
                  "borderWidthAllTb": "",
                  "borderWidthAllSp": "",
                  "borderStyleTop": "",
                  "borderColorTop": "",
                  "borderWidthTopPc": "",
                  "borderWidthTopTb": "",
                  "borderWidthTopSp": "",
                  "borderStyleRight": "",
                  "borderColorRight": "",
                  "borderWidthRightPc": "",
                  "borderWidthRightTb": "",
                  "borderWidthRightSp": "",
                  "borderStyleBottom": "",
                  "borderColorBottom": "",
                  "borderWidthBottomPc": "",
                  "borderWidthBottomTb": "",
                  "borderWidthBottomSp": "",
                  "borderStyleLeft": "",
                  "borderColorLeft": "",
                  "borderWidthLeftPc": "",
                  "borderWidthLeftTb": "",
                  "borderWidthLeftSp": "",
                  "enableScroll": false,
                  "minWidthTb": 1000,
                  "minWidthSp": 600
                },
                "innerBlocks": []
              },
              {
                "name": "core/paragraph",
                "attributes": {
                  "content": "テキストテキストテキストテキストテキストテキストテキストテキストテキストテキストテキストテキスト",
                  "dropCap": false,
                  "maxWidth": "",
                  "maxWidthUnit": "px",
                  "fontWeightClass": "",
                  "fontSizeClass": "",
                  "fontSizeSpClass": "",
                  "lineHeightClass": "",
                  "lineHeightSpClass": "",
                  "letterSpacingClass": "",
                  "letterSpacingSpClass": "",
                  "trigger": "",
                  "animationClass": "",
                  "animationDurationClass": "",
                  "thresholdClass": "",
                  "delayClass": "",
                  "distanceClass": "",
                  "lw_bgEnabled": false,
                  "lw_bgColor": "var(--color-main)",
                  "lw_bgOpacity": 0.1,
                  "lw_bgFullWidth": true,
                  "marginTopPc": "lw_margin_top_pc_20",
                  "marginTopTb": "",
                  "marginTopSp": "",
                  "marginBottomPc": "",
                  "marginBottomTb": "",
                  "marginBottomSp": "",
                  "paddingTopPc": "",
                  "paddingTopTb": "",
                  "paddingTopSp": "",
                  "paddingBottomPc": "",
                  "paddingBottomTb": "",
                  "paddingBottomSp": "",
                  "paddingLeftPc": "",
                  "paddingLeftTb": "",
                  "paddingLeftSp": "",
                  "paddingRightPc": "",
                  "paddingRightTb": "",
                  "paddingRightSp": "",
                  "maxWidthType": "",
                  "maxWidthPx": 1200,
                  "pcPosition": "",
                  "tbPosition": "",
                  "spPosition": "",
                  "borderRadiusPc": "",
                  "borderRadiusTb": "",
                  "borderRadiusSp": "",
                  "borderEnabledTop": false,
                  "borderEnabledRight": false,
                  "borderEnabledBottom": false,
                  "borderEnabledLeft": false,
                  "borderStyleAll": "",
                  "borderColorAll": "",
                  "borderWidthAllPc": "",
                  "borderWidthAllTb": "",
                  "borderWidthAllSp": "",
                  "borderStyleTop": "",
                  "borderColorTop": "",
                  "borderWidthTopPc": "",
                  "borderWidthTopTb": "",
                  "borderWidthTopSp": "",
                  "borderStyleRight": "",
                  "borderColorRight": "",
                  "borderWidthRightPc": "",
                  "borderWidthRightTb": "",
                  "borderWidthRightSp": "",
                  "borderStyleBottom": "",
                  "borderColorBottom": "",
                  "borderWidthBottomPc": "",
                  "borderWidthBottomTb": "",
                  "borderWidthBottomSp": "",
                  "borderStyleLeft": "",
                  "borderColorLeft": "",
                  "borderWidthLeftPc": "",
                  "borderWidthLeftTb": "",
                  "borderWidthLeftSp": "",
                  "enableScroll": false,
                  "minWidthTb": 1000,
                  "minWidthSp": 600
                },
                "innerBlocks": []
              }
            ]
          },
          {
            "name": "core/column",
            "attributes": {
              "trigger": "",
              "animationClass": "",
              "animationDurationClass": "",
              "thresholdClass": "",
              "delayClass": "",
              "distanceClass": "",
              "lw_bgEnabled": false,
              "lw_bgColor": "var(--color-main)",
              "lw_bgOpacity": 0.1,
              "lw_bgFullWidth": true,
              "marginTopPc": "",
              "marginTopTb": "",
              "marginTopSp": "",
              "marginBottomPc": "",
              "marginBottomTb": "",
              "marginBottomSp": "",
              "paddingTopPc": "",
              "paddingTopTb": "",
              "paddingTopSp": "",
              "paddingBottomPc": "",
              "paddingBottomTb": "",
              "paddingBottomSp": "",
              "paddingLeftPc": "",
              "paddingLeftTb": "",
              "paddingLeftSp": "",
              "paddingRightPc": "",
              "paddingRightTb": "",
              "paddingRightSp": "",
              "maxWidthType": "",
              "maxWidthPx": 1200,
              "pcPosition": "",
              "tbPosition": "",
              "spPosition": "",
              "borderRadiusPc": "",
              "borderRadiusTb": "",
              "borderRadiusSp": "",
              "borderEnabledTop": false,
              "borderEnabledRight": false,
              "borderEnabledBottom": false,
              "borderEnabledLeft": false,
              "borderStyleAll": "",
              "borderColorAll": "",
              "borderWidthAllPc": "",
              "borderWidthAllTb": "",
              "borderWidthAllSp": "",
              "borderStyleTop": "",
              "borderColorTop": "",
              "borderWidthTopPc": "",
              "borderWidthTopTb": "",
              "borderWidthTopSp": "",
              "borderStyleRight": "",
              "borderColorRight": "",
              "borderWidthRightPc": "",
              "borderWidthRightTb": "",
              "borderWidthRightSp": "",
              "borderStyleBottom": "",
              "borderColorBottom": "",
              "borderWidthBottomPc": "",
              "borderWidthBottomTb": "",
              "borderWidthBottomSp": "",
              "borderStyleLeft": "",
              "borderColorLeft": "",
              "borderWidthLeftPc": "",
              "borderWidthLeftTb": "",
              "borderWidthLeftSp": "",
              "enableScroll": false,
              "minWidthTb": 1000,
              "minWidthSp": 600
            },
            "innerBlocks": [
              {
                "name": "wdl/paid-block-image-1",
                "attributes": {
                  "image": "https://placehold.jp/600x440.png",
                  "alt": "",
                  "subTitle": "主任",
                  "mainTitle": "大阪 京子",
                  "aspectRatioW": 400,
                  "aspectRatioH": 340,
                  "maxWidth": 480,
                  "centerBlock": false,
                  "innerRadiusEm": 0.9,
                  "showNamePlate": true,
                  "namePlateColor": "var(--color-main)",
                  "namePlateRadiusEm": 0.2,
                  "namePlateBorderWidth": 2,
                  "showLinkNext": true,
                  "linkNextBgColor": "var(--color-main)",
                  "linkNextIconColor": "#ffffff",
                  "linkUrl": "",
                  "linkOpenNewTab": false,
                  "headingLevel": "h3",
                  "fontSizeClass": "font_size_ss",
                  "trigger": "",
                  "animationClass": "",
                  "animationDurationClass": "",
                  "thresholdClass": "",
                  "delayClass": "",
                  "distanceClass": "",
                  "lw_bgEnabled": false,
                  "lw_bgColor": "var(--color-main)",
                  "lw_bgOpacity": 0.1,
                  "lw_bgFullWidth": true,
                  "marginTopPc": "",
                  "marginTopTb": "",
                  "marginTopSp": "",
                  "marginBottomPc": "",
                  "marginBottomTb": "",
                  "marginBottomSp": "",
                  "paddingTopPc": "",
                  "paddingTopTb": "",
                  "paddingTopSp": "",
                  "paddingBottomPc": "",
                  "paddingBottomTb": "",
                  "paddingBottomSp": "",
                  "paddingLeftPc": "",
                  "paddingLeftTb": "",
                  "paddingLeftSp": "",
                  "paddingRightPc": "",
                  "paddingRightTb": "",
                  "paddingRightSp": "",
                  "maxWidthType": "",
                  "maxWidthPx": 1200,
                  "pcPosition": "",
                  "tbPosition": "",
                  "spPosition": "",
                  "borderRadiusPc": "",
                  "borderRadiusTb": "",
                  "borderRadiusSp": "",
                  "borderEnabledTop": false,
                  "borderEnabledRight": false,
                  "borderEnabledBottom": false,
                  "borderEnabledLeft": false,
                  "borderStyleAll": "",
                  "borderColorAll": "",
                  "borderWidthAllPc": "",
                  "borderWidthAllTb": "",
                  "borderWidthAllSp": "",
                  "borderStyleTop": "",
                  "borderColorTop": "",
                  "borderWidthTopPc": "",
                  "borderWidthTopTb": "",
                  "borderWidthTopSp": "",
                  "borderStyleRight": "",
                  "borderColorRight": "",
                  "borderWidthRightPc": "",
                  "borderWidthRightTb": "",
                  "borderWidthRightSp": "",
                  "borderStyleBottom": "",
                  "borderColorBottom": "",
                  "borderWidthBottomPc": "",
                  "borderWidthBottomTb": "",
                  "borderWidthBottomSp": "",
                  "borderStyleLeft": "",
                  "borderColorLeft": "",
                  "borderWidthLeftPc": "",
                  "borderWidthLeftTb": "",
                  "borderWidthLeftSp": "",
                  "enableScroll": false,
                  "minWidthTb": 1000,
                  "minWidthSp": 600
                },
                "innerBlocks": []
              },
              {
                "name": "core/paragraph",
                "attributes": {
                  "content": "テキストテキストテキストテキストテキストテキストテキストテキストテキストテキストテキストテキスト",
                  "dropCap": false,
                  "maxWidth": "",
                  "maxWidthUnit": "px",
                  "fontWeightClass": "",
                  "fontSizeClass": "",
                  "fontSizeSpClass": "",
                  "lineHeightClass": "",
                  "lineHeightSpClass": "",
                  "letterSpacingClass": "",
                  "letterSpacingSpClass": "",
                  "trigger": "",
                  "animationClass": "",
                  "animationDurationClass": "",
                  "thresholdClass": "",
                  "delayClass": "",
                  "distanceClass": "",
                  "lw_bgEnabled": false,
                  "lw_bgColor": "var(--color-main)",
                  "lw_bgOpacity": 0.1,
                  "lw_bgFullWidth": true,
                  "marginTopPc": "lw_margin_top_pc_20",
                  "marginTopTb": "",
                  "marginTopSp": "",
                  "marginBottomPc": "",
                  "marginBottomTb": "",
                  "marginBottomSp": "",
                  "paddingTopPc": "",
                  "paddingTopTb": "",
                  "paddingTopSp": "",
                  "paddingBottomPc": "",
                  "paddingBottomTb": "",
                  "paddingBottomSp": "",
                  "paddingLeftPc": "",
                  "paddingLeftTb": "",
                  "paddingLeftSp": "",
                  "paddingRightPc": "",
                  "paddingRightTb": "",
                  "paddingRightSp": "",
                  "maxWidthType": "",
                  "maxWidthPx": 1200,
                  "pcPosition": "",
                  "tbPosition": "",
                  "spPosition": "",
                  "borderRadiusPc": "",
                  "borderRadiusTb": "",
                  "borderRadiusSp": "",
                  "borderEnabledTop": false,
                  "borderEnabledRight": false,
                  "borderEnabledBottom": false,
                  "borderEnabledLeft": false,
                  "borderStyleAll": "",
                  "borderColorAll": "",
                  "borderWidthAllPc": "",
                  "borderWidthAllTb": "",
                  "borderWidthAllSp": "",
                  "borderStyleTop": "",
                  "borderColorTop": "",
                  "borderWidthTopPc": "",
                  "borderWidthTopTb": "",
                  "borderWidthTopSp": "",
                  "borderStyleRight": "",
                  "borderColorRight": "",
                  "borderWidthRightPc": "",
                  "borderWidthRightTb": "",
                  "borderWidthRightSp": "",
                  "borderStyleBottom": "",
                  "borderColorBottom": "",
                  "borderWidthBottomPc": "",
                  "borderWidthBottomTb": "",
                  "borderWidthBottomSp": "",
                  "borderStyleLeft": "",
                  "borderColorLeft": "",
                  "borderWidthLeftPc": "",
                  "borderWidthLeftTb": "",
                  "borderWidthLeftSp": "",
                  "enableScroll": false,
                  "minWidthTb": 1000,
                  "minWidthSp": 600
                },
                "innerBlocks": []
              }
            ]
          },
          {
            "name": "core/column",
            "attributes": {
              "trigger": "",
              "animationClass": "",
              "animationDurationClass": "",
              "thresholdClass": "",
              "delayClass": "",
              "distanceClass": "",
              "lw_bgEnabled": false,
              "lw_bgColor": "var(--color-main)",
              "lw_bgOpacity": 0.1,
              "lw_bgFullWidth": true,
              "marginTopPc": "",
              "marginTopTb": "",
              "marginTopSp": "",
              "marginBottomPc": "",
              "marginBottomTb": "",
              "marginBottomSp": "",
              "paddingTopPc": "",
              "paddingTopTb": "",
              "paddingTopSp": "",
              "paddingBottomPc": "",
              "paddingBottomTb": "",
              "paddingBottomSp": "",
              "paddingLeftPc": "",
              "paddingLeftTb": "",
              "paddingLeftSp": "",
              "paddingRightPc": "",
              "paddingRightTb": "",
              "paddingRightSp": "",
              "maxWidthType": "",
              "maxWidthPx": 1200,
              "pcPosition": "",
              "tbPosition": "",
              "spPosition": "",
              "borderRadiusPc": "",
              "borderRadiusTb": "",
              "borderRadiusSp": "",
              "borderEnabledTop": false,
              "borderEnabledRight": false,
              "borderEnabledBottom": false,
              "borderEnabledLeft": false,
              "borderStyleAll": "",
              "borderColorAll": "",
              "borderWidthAllPc": "",
              "borderWidthAllTb": "",
              "borderWidthAllSp": "",
              "borderStyleTop": "",
              "borderColorTop": "",
              "borderWidthTopPc": "",
              "borderWidthTopTb": "",
              "borderWidthTopSp": "",
              "borderStyleRight": "",
              "borderColorRight": "",
              "borderWidthRightPc": "",
              "borderWidthRightTb": "",
              "borderWidthRightSp": "",
              "borderStyleBottom": "",
              "borderColorBottom": "",
              "borderWidthBottomPc": "",
              "borderWidthBottomTb": "",
              "borderWidthBottomSp": "",
              "borderStyleLeft": "",
              "borderColorLeft": "",
              "borderWidthLeftPc": "",
              "borderWidthLeftTb": "",
              "borderWidthLeftSp": "",
              "enableScroll": false,
              "minWidthTb": 1000,
              "minWidthSp": 600
            },
            "innerBlocks": [
              {
                "name": "wdl/paid-block-image-1",
                "attributes": {
                  "image": "https://placehold.jp/600x440.png",
                  "alt": "",
                  "subTitle": "主任",
                  "mainTitle": "大阪 京子",
                  "aspectRatioW": 400,
                  "aspectRatioH": 340,
                  "maxWidth": 480,
                  "centerBlock": false,
                  "innerRadiusEm": 0.9,
                  "showNamePlate": true,
                  "namePlateColor": "var(--color-main)",
                  "namePlateRadiusEm": 0.2,
                  "namePlateBorderWidth": 2,
                  "showLinkNext": true,
                  "linkNextBgColor": "var(--color-main)",
                  "linkNextIconColor": "#ffffff",
                  "linkUrl": "",
                  "linkOpenNewTab": false,
                  "headingLevel": "h3",
                  "fontSizeClass": "font_size_ss",
                  "trigger": "",
                  "animationClass": "",
                  "animationDurationClass": "",
                  "thresholdClass": "",
                  "delayClass": "",
                  "distanceClass": "",
                  "lw_bgEnabled": false,
                  "lw_bgColor": "var(--color-main)",
                  "lw_bgOpacity": 0.1,
                  "lw_bgFullWidth": true,
                  "marginTopPc": "",
                  "marginTopTb": "",
                  "marginTopSp": "",
                  "marginBottomPc": "",
                  "marginBottomTb": "",
                  "marginBottomSp": "",
                  "paddingTopPc": "",
                  "paddingTopTb": "",
                  "paddingTopSp": "",
                  "paddingBottomPc": "",
                  "paddingBottomTb": "",
                  "paddingBottomSp": "",
                  "paddingLeftPc": "",
                  "paddingLeftTb": "",
                  "paddingLeftSp": "",
                  "paddingRightPc": "",
                  "paddingRightTb": "",
                  "paddingRightSp": "",
                  "maxWidthType": "",
                  "maxWidthPx": 1200,
                  "pcPosition": "",
                  "tbPosition": "",
                  "spPosition": "",
                  "borderRadiusPc": "",
                  "borderRadiusTb": "",
                  "borderRadiusSp": "",
                  "borderEnabledTop": false,
                  "borderEnabledRight": false,
                  "borderEnabledBottom": false,
                  "borderEnabledLeft": false,
                  "borderStyleAll": "",
                  "borderColorAll": "",
                  "borderWidthAllPc": "",
                  "borderWidthAllTb": "",
                  "borderWidthAllSp": "",
                  "borderStyleTop": "",
                  "borderColorTop": "",
                  "borderWidthTopPc": "",
                  "borderWidthTopTb": "",
                  "borderWidthTopSp": "",
                  "borderStyleRight": "",
                  "borderColorRight": "",
                  "borderWidthRightPc": "",
                  "borderWidthRightTb": "",
                  "borderWidthRightSp": "",
                  "borderStyleBottom": "",
                  "borderColorBottom": "",
                  "borderWidthBottomPc": "",
                  "borderWidthBottomTb": "",
                  "borderWidthBottomSp": "",
                  "borderStyleLeft": "",
                  "borderColorLeft": "",
                  "borderWidthLeftPc": "",
                  "borderWidthLeftTb": "",
                  "borderWidthLeftSp": "",
                  "enableScroll": false,
                  "minWidthTb": 1000,
                  "minWidthSp": 600
                },
                "innerBlocks": []
              },
              {
                "name": "core/paragraph",
                "attributes": {
                  "content": "テキストテキストテキストテキストテキストテキストテキストテキストテキストテキストテキストテキスト",
                  "dropCap": false,
                  "maxWidth": "",
                  "maxWidthUnit": "px",
                  "fontWeightClass": "",
                  "fontSizeClass": "",
                  "fontSizeSpClass": "",
                  "lineHeightClass": "",
                  "lineHeightSpClass": "",
                  "letterSpacingClass": "",
                  "letterSpacingSpClass": "",
                  "trigger": "",
                  "animationClass": "",
                  "animationDurationClass": "",
                  "thresholdClass": "",
                  "delayClass": "",
                  "distanceClass": "",
                  "lw_bgEnabled": false,
                  "lw_bgColor": "var(--color-main)",
                  "lw_bgOpacity": 0.1,
                  "lw_bgFullWidth": true,
                  "marginTopPc": "lw_margin_top_pc_20",
                  "marginTopTb": "",
                  "marginTopSp": "",
                  "marginBottomPc": "",
                  "marginBottomTb": "",
                  "marginBottomSp": "",
                  "paddingTopPc": "",
                  "paddingTopTb": "",
                  "paddingTopSp": "",
                  "paddingBottomPc": "",
                  "paddingBottomTb": "",
                  "paddingBottomSp": "",
                  "paddingLeftPc": "",
                  "paddingLeftTb": "",
                  "paddingLeftSp": "",
                  "paddingRightPc": "",
                  "paddingRightTb": "",
                  "paddingRightSp": "",
                  "maxWidthType": "",
                  "maxWidthPx": 1200,
                  "pcPosition": "",
                  "tbPosition": "",
                  "spPosition": "",
                  "borderRadiusPc": "",
                  "borderRadiusTb": "",
                  "borderRadiusSp": "",
                  "borderEnabledTop": false,
                  "borderEnabledRight": false,
                  "borderEnabledBottom": false,
                  "borderEnabledLeft": false,
                  "borderStyleAll": "",
                  "borderColorAll": "",
                  "borderWidthAllPc": "",
                  "borderWidthAllTb": "",
                  "borderWidthAllSp": "",
                  "borderStyleTop": "",
                  "borderColorTop": "",
                  "borderWidthTopPc": "",
                  "borderWidthTopTb": "",
                  "borderWidthTopSp": "",
                  "borderStyleRight": "",
                  "borderColorRight": "",
                  "borderWidthRightPc": "",
                  "borderWidthRightTb": "",
                  "borderWidthRightSp": "",
                  "borderStyleBottom": "",
                  "borderColorBottom": "",
                  "borderWidthBottomPc": "",
                  "borderWidthBottomTb": "",
                  "borderWidthBottomSp": "",
                  "borderStyleLeft": "",
                  "borderColorLeft": "",
                  "borderWidthLeftPc": "",
                  "borderWidthLeftTb": "",
                  "borderWidthLeftSp": "",
                  "enableScroll": false,
                  "minWidthTb": 1000,
                  "minWidthSp": 600
                },
                "innerBlocks": []
              }
            ]
          }
        ]
      }
    ]
  }
]