[
  {
    "name": "wdl/lw-bg-1",
    "attributes": {
      "backgroundType": "image",
      "imagePc": "",
      "imageSp": "",
      "focalPointPc": {
        "x": 0.5,
        "y": 0.5
      },
      "focalPointSp": {
        "x": 0.5,
        "y": 0.5
      },
      "videoUrl": "",
      "videoSpeed": 1,
      "focalPointVideoPc": {
        "x": 0.5,
        "y": 0.5
      },
      "focalPointVideoSp": {
        "x": 0.5,
        "y": 0.5
      },
      "isFullWidth": true,
      "maxWidth": 1120,
      "minHeightPc": "min-h-pc-500px",
      "minHeightTb": "min-h-tb-480px",
      "minHeightSp": "min-h-sp-440px",
      "contentAlignHorizontalPc": "center",
      "contentAlignVerticalPc": "center",
      "contentAlignHorizontalTb": "",
      "contentAlignVerticalTb": "",
      "contentAlignHorizontalSp": "",
      "contentAlignVerticalSp": "",
      "innerPaddingTopPc": 64,
      "innerPaddingBottomPc": 48,
      "innerPaddingLeftPc": 80,
      "innerPaddingRightPc": 80,
      "innerPaddingTopTb": 40,
      "innerPaddingBottomTb": 32,
      "innerPaddingLeftTb": 48,
      "innerPaddingRightTb": 48,
      "innerPaddingTopSp": 24,
      "innerPaddingBottomSp": 20,
      "innerPaddingLeftSp": 24,
      "innerPaddingRightSp": 24,
      "filterTypePc": "solid",
      "filterColorPc": "var(--color-main)",
      "filterGradientPc": "linear-gradient(135deg, rgba(0,0,0,1) 0%, rgba(0,0,0,0.5) 100%)",
      "opacityPc": 0.1,
      "filterTypeTb": "solid",
      "filterColorTb": "",
      "filterGradientTb": "",
      "opacityTb": "var(--lw-bg-opacity-pc, 0.5)",
      "filterTypeSp": "solid",
      "filterColorSp": "",
      "filterGradientSp": "",
      "opacitySp": "var(--lw-bg-opacity-tb, var(--lw-bg-opacity-pc, 0.5))",
      "trigger": "",
      "animationClass": "",
      "animationDurationClass": "",
      "thresholdClass": "",
      "delayClass": "",
      "distanceClass": "",
      "lw_bgEnabled": false,
      "lw_bgColor": "var(--color-main)",
      "lw_bgOpacity": 0.1,
      "lw_bgFullWidth": true,
      "marginTopPc": "",
      "marginTopTb": "",
      "marginTopSp": "",
      "marginBottomPc": "",
      "marginBottomTb": "",
      "marginBottomSp": "",
      "paddingTopPc": "",
      "paddingTopTb": "",
      "paddingTopSp": "",
      "paddingBottomPc": "",
      "paddingBottomTb": "",
      "paddingBottomSp": "",
      "paddingLeftPc": "",
      "paddingLeftTb": "",
      "paddingLeftSp": "",
      "paddingRightPc": "",
      "paddingRightTb": "",
      "paddingRightSp": "",
      "maxWidthType": "",
      "maxWidthPx": 1200,
      "pcPosition": "",
      "tbPosition": "",
      "spPosition": "",
      "borderRadiusPc": "",
      "borderRadiusTb": "",
      "borderRadiusSp": "",
      "borderEnabledTop": false,
      "borderEnabledRight": false,
      "borderEnabledBottom": false,
      "borderEnabledLeft": false,
      "borderStyleAll": "",
      "borderColorAll": "",
      "borderWidthAllPc": "",
      "borderWidthAllTb": "",
      "borderWidthAllSp": "",
      "borderStyleTop": "",
      "borderColorTop": "",
      "borderWidthTopPc": "",
      "borderWidthTopTb": "",
      "borderWidthTopSp": "",
      "borderStyleRight": "",
      "borderColorRight": "",
      "borderWidthRightPc": "",
      "borderWidthRightTb": "",
      "borderWidthRightSp": "",
      "borderStyleBottom": "",
      "borderColorBottom": "",
      "borderWidthBottomPc": "",
      "borderWidthBottomTb": "",
      "borderWidthBottomSp": "",
      "borderStyleLeft": "",
      "borderColorLeft": "",
      "borderWidthLeftPc": "",
      "borderWidthLeftTb": "",
      "borderWidthLeftSp": "",
      "enableScroll": false,
      "minWidthTb": 1000,
      "minWidthSp": 600
    },
    "innerBlocks": [
      {
        "name": "wdl/custom-title-4",
        "attributes": {
          "mainTitle": "お客様の声",
          "subTitle": "VOICE",
          "headingLevel": 2,
          "subMarginBottomPc": 0.6,
          "subMarginBottomSp": 0.6,
          "trigger": "",
          "animationClass": "",
          "animationDurationClass": "",
          "thresholdClass": "",
          "delayClass": "",
          "distanceClass": "",
          "lw_bgEnabled": false,
          "lw_bgColor": "var(--color-main)",
          "lw_bgOpacity": 0.1,
          "lw_bgFullWidth": true,
          "marginTopPc": "",
          "marginTopTb": "",
          "marginTopSp": "",
          "marginBottomPc": "",
          "marginBottomTb": "",
          "marginBottomSp": "",
          "paddingTopPc": "",
          "paddingTopTb": "",
          "paddingTopSp": "",
          "paddingBottomPc": "",
          "paddingBottomTb": "",
          "paddingBottomSp": "",
          "paddingLeftPc": "",
          "paddingLeftTb": "",
          "paddingLeftSp": "",
          "paddingRightPc": "",
          "paddingRightTb": "",
          "paddingRightSp": "",
          "maxWidthType": "",
          "maxWidthPx": 1200,
          "pcPosition": "",
          "tbPosition": "",
          "spPosition": "",
          "borderRadiusPc": "",
          "borderRadiusTb": "",
          "borderRadiusSp": "",
          "borderEnabledTop": false,
          "borderEnabledRight": false,
          "borderEnabledBottom": false,
          "borderEnabledLeft": false,
          "borderStyleAll": "",
          "borderColorAll": "",
          "borderWidthAllPc": "",
          "borderWidthAllTb": "",
          "borderWidthAllSp": "",
          "borderStyleTop": "",
          "borderColorTop": "",
          "borderWidthTopPc": "",
          "borderWidthTopTb": "",
          "borderWidthTopSp": "",
          "borderStyleRight": "",
          "borderColorRight": "",
          "borderWidthRightPc": "",
          "borderWidthRightTb": "",
          "borderWidthRightSp": "",
          "borderStyleBottom": "",
          "borderColorBottom": "",
          "borderWidthBottomPc": "",
          "borderWidthBottomTb": "",
          "borderWidthBottomSp": "",
          "borderStyleLeft": "",
          "borderColorLeft": "",
          "borderWidthLeftPc": "",
          "borderWidthLeftTb": "",
          "borderWidthLeftSp": "",
          "enableScroll": false,
          "minWidthTb": 1000,
          "minWidthSp": 600
        },
        "innerBlocks": []
      },
      {
        "name": "wdl/paid-block-voice-3",
        "attributes": {
          "blockId": "paid-block-voice-3-e7466965-487a-4945-8174-9758df510e39",
          "voices": [
            {
              "name": "田中 美咲様",
              "age": "30代",
              "job": "会社員",
              "photo": "https://picsum.photos/200/200?random=1",
              "alt": "田中様",
              "excerpt": "とても丁寧な対応で、安心してお任せすることができました。想像以上の仕上がりに大満足です...",
              "text": "とても丁寧な対応で、安心してお任せすることができました。想像以上の仕上がりに大満足です。\n\n初めての利用で不安もありましたが、最初のヒアリングから丁寧に対応していただき、こちらの要望を細かく聞いてくださいました。途中経過も随時報告していただけたので、安心して任せることができました。\n\n仕上がりも想像以上で、細部まで気を配っていただいたことが伝わってきます。友人にも自信を持って勧められるサービスです。本当にありがとうございました。"
            },
            {
              "name": "佐藤 健太様",
              "age": "40代",
              "job": "自営業",
              "photo": "https://picsum.photos/200/200?random=2",
              "alt": "佐藤様",
              "excerpt": "スピーディーな対応と、細かい要望にも応えていただき感謝しています。また利用したいです...",
              "text": "スピーディーな対応と、細かい要望にも応えていただき感謝しています。また利用したいです。\n\n急な依頼にも関わらず、迅速に対応していただきました。こちらの細かい要望にも一つ一つ丁寧に答えていただき、期待以上の結果となりました。\n\nプロフェッショナルな仕事ぶりと柔軟な対応力に感動しました。次回もぜひお願いしたいと思います。長くお付き合いできるパートナーを見つけられて嬉しいです。"
            },
            {
              "name": "鈴木 明子様",
              "age": "50代",
              "job": "主婦",
              "photo": "https://picsum.photos/200/200?random=3",
              "alt": "鈴木様",
              "excerpt": "初めての利用で不安でしたが、親切に説明していただき安心できました。結果も期待以上でした...",
              "text": "初めての利用で不安でしたが、親切に説明していただき安心できました。結果も期待以上でした。\n\n専門的なことは全く分からない状態でしたが、一から丁寧に説明していただき、とても分かりやすかったです。質問にも快く答えていただき、安心して進めることができました。\n\n完成したものを見て、本当に驚きました。こんなに素晴らしい仕上がりになるとは思っていませんでした。感謝の気持ちでいっぱいです。"
            }
          ],
          "autoplayDelay": 4000,
          "loop": true,
          "disableOnInteraction": false,
          "showPagination": true,
          "paginationClickable": true,
          "showNavigation": true,
          "sliderSpeed": 600,
          "slidesPerView600": 2,
          "slidesPerView900": 3,
          "spaceBetween600": 24,
          "spaceBetween900": 30,
          "maxWidthContainer": 1120,
          "cardBgColor": "#ffffff",
          "cardShadowColor": "rgba(0, 0, 0, 0.08)",
          "nameColor": "#333333",
          "excerptColor": "#666666",
          "metaColor": "#999999",
          "btnBgColor": "",
          "btnTextColor": "",
          "nameFontSet": "",
          "nameFontWeight": "600",
          "excerptFontSet": "",
          "excerptFontWeight": "400",
          "trigger": "",
          "animationClass": "",
          "animationDurationClass": "",
          "thresholdClass": "",
          "delayClass": "",
          "distanceClass": "",
          "lw_bgEnabled": false,
          "lw_bgColor": "var(--color-main)",
          "lw_bgOpacity": 0.1,
          "lw_bgFullWidth": true,
          "marginTopPc": "",
          "marginTopTb": "",
          "marginTopSp": "",
          "marginBottomPc": "",
          "marginBottomTb": "",
          "marginBottomSp": "",
          "paddingTopPc": "",
          "paddingTopTb": "",
          "paddingTopSp": "",
          "paddingBottomPc": "",
          "paddingBottomTb": "",
          "paddingBottomSp": "",
          "paddingLeftPc": "",
          "paddingLeftTb": "",
          "paddingLeftSp": "",
          "paddingRightPc": "",
          "paddingRightTb": "",
          "paddingRightSp": "",
          "maxWidthType": "",
          "maxWidthPx": 1200,
          "pcPosition": "",
          "tbPosition": "",
          "spPosition": "",
          "borderRadiusPc": "",
          "borderRadiusTb": "",
          "borderRadiusSp": "",
          "borderEnabledTop": false,
          "borderEnabledRight": false,
          "borderEnabledBottom": false,
          "borderEnabledLeft": false,
          "borderStyleAll": "",
          "borderColorAll": "",
          "borderWidthAllPc": "",
          "borderWidthAllTb": "",
          "borderWidthAllSp": "",
          "borderStyleTop": "",
          "borderColorTop": "",
          "borderWidthTopPc": "",
          "borderWidthTopTb": "",
          "borderWidthTopSp": "",
          "borderStyleRight": "",
          "borderColorRight": "",
          "borderWidthRightPc": "",
          "borderWidthRightTb": "",
          "borderWidthRightSp": "",
          "borderStyleBottom": "",
          "borderColorBottom": "",
          "borderWidthBottomPc": "",
          "borderWidthBottomTb": "",
          "borderWidthBottomSp": "",
          "borderStyleLeft": "",
          "borderColorLeft": "",
          "borderWidthLeftPc": "",
          "borderWidthLeftTb": "",
          "borderWidthLeftSp": "",
          "enableScroll": false,
          "minWidthTb": 1000,
          "minWidthSp": 600
        },
        "innerBlocks": []
      }
    ]
  }
]