[
  {
    "name": "wdl/lw-bg-1",
    "attributes": {
      "backgroundType": "image",
      "imagePc": "",
      "imageSp": "",
      "focalPointPc": {
        "x": 0.5,
        "y": 0.5
      },
      "focalPointSp": {
        "x": 0.5,
        "y": 0.5
      },
      "videoUrl": "",
      "videoSpeed": 1,
      "focalPointVideoPc": {
        "x": 0.5,
        "y": 0.5
      },
      "focalPointVideoSp": {
        "x": 0.5,
        "y": 0.5
      },
      "isFullWidth": true,
      "maxWidth": 1120,
      "minHeightPc": "min-h-pc-320px",
      "minHeightTb": "min-h-tb-280px",
      "minHeightSp": "min-h-sp-240px",
      "contentAlignHorizontalPc": "center",
      "contentAlignVerticalPc": "center",
      "contentAlignHorizontalTb": "",
      "contentAlignVerticalTb": "",
      "contentAlignHorizontalSp": "",
      "contentAlignVerticalSp": "",
      "innerPaddingTopPc": 48,
      "innerPaddingBottomPc": 48,
      "innerPaddingLeftPc": 48,
      "innerPaddingRightPc": 48,
      "innerPaddingTopTb": 24,
      "innerPaddingBottomTb": 24,
      "innerPaddingLeftTb": 24,
      "innerPaddingRightTb": 24,
      "innerPaddingTopSp": 24,
      "innerPaddingBottomSp": 24,
      "innerPaddingLeftSp": 24,
      "innerPaddingRightSp": 24,
      "filterTypePc": "solid",
      "filterColorPc": "var(--color-main)",
      "filterGradientPc": "linear-gradient(135deg, rgba(0,0,0,1) 0%, rgba(0,0,0,0.5) 100%)",
      "opacityPc": 0.1,
      "filterTypeTb": "solid",
      "filterColorTb": "",
      "filterGradientTb": "",
      "opacityTb": "var(--lw-bg-opacity-pc, 0.5)",
      "filterTypeSp": "solid",
      "filterColorSp": "",
      "filterGradientSp": "",
      "opacitySp": "var(--lw-bg-opacity-tb, var(--lw-bg-opacity-pc, 0.5))",
      "trigger": "",
      "animationClass": "",
      "animationDurationClass": "",
      "thresholdClass": "",
      "delayClass": "",
      "distanceClass": "",
      "lw_bgEnabled": false,
      "lw_bgColor": "var(--color-main)",
      "lw_bgOpacity": 0.1,
      "lw_bgFullWidth": true,
      "marginTopPc": "",
      "marginTopTb": "",
      "marginTopSp": "",
      "marginBottomPc": "",
      "marginBottomTb": "",
      "marginBottomSp": "",
      "paddingTopPc": "",
      "paddingTopTb": "",
      "paddingTopSp": "",
      "paddingBottomPc": "",
      "paddingBottomTb": "",
      "paddingBottomSp": "",
      "paddingLeftPc": "",
      "paddingLeftTb": "",
      "paddingLeftSp": "",
      "paddingRightPc": "",
      "paddingRightTb": "",
      "paddingRightSp": "",
      "maxWidthType": "",
      "maxWidthPx": 1200,
      "pcPosition": "",
      "tbPosition": "",
      "spPosition": "",
      "borderRadiusPc": "",
      "borderRadiusTb": "",
      "borderRadiusSp": "",
      "borderEnabledTop": false,
      "borderEnabledRight": false,
      "borderEnabledBottom": false,
      "borderEnabledLeft": false,
      "borderStyleAll": "",
      "borderColorAll": "",
      "borderWidthAllPc": "",
      "borderWidthAllTb": "",
      "borderWidthAllSp": "",
      "borderStyleTop": "",
      "borderColorTop": "",
      "borderWidthTopPc": "",
      "borderWidthTopTb": "",
      "borderWidthTopSp": "",
      "borderStyleRight": "",
      "borderColorRight": "",
      "borderWidthRightPc": "",
      "borderWidthRightTb": "",
      "borderWidthRightSp": "",
      "borderStyleBottom": "",
      "borderColorBottom": "",
      "borderWidthBottomPc": "",
      "borderWidthBottomTb": "",
      "borderWidthBottomSp": "",
      "borderStyleLeft": "",
      "borderColorLeft": "",
      "borderWidthLeftPc": "",
      "borderWidthLeftTb": "",
      "borderWidthLeftSp": "",
      "enableScroll": false,
      "minWidthTb": 1000,
      "minWidthSp": 600
    },
    "innerBlocks": [
      {
        "name": "wdl/custom-title-4",
        "attributes": {
          "mainTitle": "よくある質問",
          "subTitle": "FAQ",
          "headingLevel": 2,
          "subMarginBottomPc": 0.6,
          "subMarginBottomSp": 0.6,
          "trigger": "",
          "animationClass": "",
          "animationDurationClass": "",
          "thresholdClass": "",
          "delayClass": "",
          "distanceClass": "",
          "lw_bgEnabled": false,
          "lw_bgColor": "var(--color-main)",
          "lw_bgOpacity": 0.1,
          "lw_bgFullWidth": true,
          "marginTopPc": "",
          "marginTopTb": "",
          "marginTopSp": "",
          "marginBottomPc": "",
          "marginBottomTb": "",
          "marginBottomSp": "",
          "paddingTopPc": "",
          "paddingTopTb": "",
          "paddingTopSp": "",
          "paddingBottomPc": "",
          "paddingBottomTb": "",
          "paddingBottomSp": "",
          "paddingLeftPc": "",
          "paddingLeftTb": "",
          "paddingLeftSp": "",
          "paddingRightPc": "",
          "paddingRightTb": "",
          "paddingRightSp": "",
          "maxWidthType": "",
          "maxWidthPx": 1200,
          "pcPosition": "",
          "tbPosition": "",
          "spPosition": "",
          "borderRadiusPc": "",
          "borderRadiusTb": "",
          "borderRadiusSp": "",
          "borderEnabledTop": false,
          "borderEnabledRight": false,
          "borderEnabledBottom": false,
          "borderEnabledLeft": false,
          "borderStyleAll": "",
          "borderColorAll": "",
          "borderWidthAllPc": "",
          "borderWidthAllTb": "",
          "borderWidthAllSp": "",
          "borderStyleTop": "",
          "borderColorTop": "",
          "borderWidthTopPc": "",
          "borderWidthTopTb": "",
          "borderWidthTopSp": "",
          "borderStyleRight": "",
          "borderColorRight": "",
          "borderWidthRightPc": "",
          "borderWidthRightTb": "",
          "borderWidthRightSp": "",
          "borderStyleBottom": "",
          "borderColorBottom": "",
          "borderWidthBottomPc": "",
          "borderWidthBottomTb": "",
          "borderWidthBottomSp": "",
          "borderStyleLeft": "",
          "borderColorLeft": "",
          "borderWidthLeftPc": "",
          "borderWidthLeftTb": "",
          "borderWidthLeftSp": "",
          "enableScroll": false,
          "minWidthTb": 1000,
          "minWidthSp": 600
        },
        "innerBlocks": []
      },
      {
        "name": "wdl/lw-qa-1",
        "attributes": {
          "blockId": "lw-qa-1745031725085-1317",
          "FontLabel": "Roboto",
          "fontWeightLabel": "",
          "mainColor": "var(--color-main)",
          "fontP": "",
          "fontWeightDt": "",
          "fontWeightDd": "",
          "contents": [
            {
              "text_q": "質問テキスト質問テキスト質問テキスト",
              "text_a": "回答テキスト回答テキスト回答テキスト回答テキスト"
            },
            {
              "text_q": "質問テキスト質問テキスト質問テキスト",
              "text_a": "回答テキスト回答テキスト回答テキスト回答テキスト"
            },
            {
              "text_q": "質問テキスト質問テキスト質問テキスト",
              "text_a": "回答テキスト回答テキスト回答テキスト回答テキスト"
            }
          ],
          "anchor": "lw-qa-1745031725085-1317",
          "trigger": "",
          "animationClass": "",
          "animationDurationClass": "",
          "thresholdClass": "",
          "delayClass": "",
          "distanceClass": "",
          "lw_bgEnabled": false,
          "lw_bgColor": "var(--color-main)",
          "lw_bgOpacity": 0.1,
          "lw_bgFullWidth": true,
          "marginTopPc": "",
          "marginTopTb": "",
          "marginTopSp": "",
          "marginBottomPc": "",
          "marginBottomTb": "",
          "marginBottomSp": "",
          "paddingTopPc": "",
          "paddingTopTb": "",
          "paddingTopSp": "",
          "paddingBottomPc": "",
          "paddingBottomTb": "",
          "paddingBottomSp": "",
          "paddingLeftPc": "",
          "paddingLeftTb": "",
          "paddingLeftSp": "",
          "paddingRightPc": "",
          "paddingRightTb": "",
          "paddingRightSp": "",
          "maxWidthType": "",
          "maxWidthPx": 1200,
          "pcPosition": "",
          "tbPosition": "",
          "spPosition": "",
          "borderRadiusPc": "",
          "borderRadiusTb": "",
          "borderRadiusSp": "",
          "borderEnabledTop": false,
          "borderEnabledRight": false,
          "borderEnabledBottom": false,
          "borderEnabledLeft": false,
          "borderStyleAll": "",
          "borderColorAll": "",
          "borderWidthAllPc": "",
          "borderWidthAllTb": "",
          "borderWidthAllSp": "",
          "borderStyleTop": "",
          "borderColorTop": "",
          "borderWidthTopPc": "",
          "borderWidthTopTb": "",
          "borderWidthTopSp": "",
          "borderStyleRight": "",
          "borderColorRight": "",
          "borderWidthRightPc": "",
          "borderWidthRightTb": "",
          "borderWidthRightSp": "",
          "borderStyleBottom": "",
          "borderColorBottom": "",
          "borderWidthBottomPc": "",
          "borderWidthBottomTb": "",
          "borderWidthBottomSp": "",
          "borderStyleLeft": "",
          "borderColorLeft": "",
          "borderWidthLeftPc": "",
          "borderWidthLeftTb": "",
          "borderWidthLeftSp": "",
          "enableScroll": false,
          "minWidthTb": 1000,
          "minWidthSp": 600
        },
        "innerBlocks": []
      },
      {
        "name": "wdl/lw-button-01",
        "attributes": {
          "buttonText": "詳細はこちら",
          "url": "",
          "openInNewTab": false,
          "fontSize": 100,
          "maxWidth": 240,
          "maxWidthSp": null,
          "backgroundColor": "var(--color-main)",
          "textColor": "#ffffff",
          "paddingSize": "M",
          "innerPaddingSize": "M",
          "marginTop": 10,
          "marginBottom": 10,
          "alignment": "center",
          "alignmentSp": "center",
          "borderRadius": 0,
          "borderWidth": 0,
          "borderColor": "#000000",
          "trigger": "",
          "animationClass": "",
          "animationDurationClass": "",
          "thresholdClass": "",
          "delayClass": "",
          "distanceClass": "",
          "lw_bgEnabled": false,
          "lw_bgColor": "var(--color-main)",
          "lw_bgOpacity": 0.1,
          "lw_bgFullWidth": true,
          "marginTopPc": "",
          "marginTopTb": "",
          "marginTopSp": "",
          "marginBottomPc": "",
          "marginBottomTb": "",
          "marginBottomSp": "",
          "paddingTopPc": "",
          "paddingTopTb": "",
          "paddingTopSp": "",
          "paddingBottomPc": "",
          "paddingBottomTb": "",
          "paddingBottomSp": "",
          "paddingLeftPc": "",
          "paddingLeftTb": "",
          "paddingLeftSp": "",
          "paddingRightPc": "",
          "paddingRightTb": "",
          "paddingRightSp": "",
          "maxWidthType": "",
          "maxWidthPx": 1200,
          "pcPosition": "",
          "tbPosition": "",
          "spPosition": "",
          "borderRadiusPc": "",
          "borderRadiusTb": "",
          "borderRadiusSp": "",
          "borderEnabledTop": false,
          "borderEnabledRight": false,
          "borderEnabledBottom": false,
          "borderEnabledLeft": false,
          "borderStyleAll": "",
          "borderColorAll": "",
          "borderWidthAllPc": "",
          "borderWidthAllTb": "",
          "borderWidthAllSp": "",
          "borderStyleTop": "",
          "borderColorTop": "",
          "borderWidthTopPc": "",
          "borderWidthTopTb": "",
          "borderWidthTopSp": "",
          "borderStyleRight": "",
          "borderColorRight": "",
          "borderWidthRightPc": "",
          "borderWidthRightTb": "",
          "borderWidthRightSp": "",
          "borderStyleBottom": "",
          "borderColorBottom": "",
          "borderWidthBottomPc": "",
          "borderWidthBottomTb": "",
          "borderWidthBottomSp": "",
          "borderStyleLeft": "",
          "borderColorLeft": "",
          "borderWidthLeftPc": "",
          "borderWidthLeftTb": "",
          "borderWidthLeftSp": "",
          "enableScroll": false,
          "minWidthTb": 1000,
          "minWidthSp": 600
        },
        "innerBlocks": []
      }
    ]
  }
]